timestamp,time_bucket_5min,camera_ref,link_id,road_name,road_category,speed_band,min_speed,max_speed,direction,start_lat,start_lon,end_lat,end_lon
2026-10-09_02-23-56,2026-10-09_02-20-00,4712,25066,AYER RAJAH EXPRESSWAY,1,8,70,999,to_malaysia,1.340131,103.645318,1.340983,103.644418
2026-10-09_02-23-56,2026-10-09_02-20-00,4712,25087,TUAS WEST ROAD,2,5,40,49,to_singapore,1.338327,103.645932,1.338629,103.646244
2026-10-09_02-23-56,2026-10-09_02-20-00,4712,25143,JALAN AHMAD IBRAHIM,2,3,20,29,to_malaysia,1.338879,103.646493,1.339037,103.64633
2026-10-09_02-23-56,2026-10-09_02-20-00,4712,25152,JALAN AHMAD IBRAHIM,2,4,30,39,to_malaysia,1.339037,103.64633,1.339862,103.645432
2026-10-09_02-23-56,2026-10-09_02-20-00,4712,25155,TUAS WEST ROAD,2,6,50,59,to_malaysia,1.337069,103.644786,1.337111,103.644812
2026-10-09_02-23-56,2026-10-09_02-20-00,4712,25163,AYER RAJAH EXPRESSWAY,1,8,70,999,to_malaysia,1.340983,103.644418,1.341567,103.643733
2026-10-09_02-23-56,2026-10-09_02-20-00,4712,25168,JALAN AHMAD IBRAHIM,2,4,30,39,to_malaysia,1.341102,103.644125,1.341567,103.643733
2026-10-09_02-23-56,2026-10-09_02-20-00,4712,25169,JALAN AHMAD IBRAHIM,2,7,60,69,to_malaysia,1.342935,103.642302,1.344066,103.640969
2026-10-09_02-23-56,2026-10-09_02-20-00,4712,25389,JALAN AHMAD IBRAHIM,2,3,20,29,to_malaysia,1.338611,103.646773,1.338827,103.646576
2026-10-09_02-23-56,2026-10-09_02-20-00,4712,25390,TUAS WEST ROAD,2,7,60,69,to_singapore,1.337021,103.644909,1.336986,103.644875
2026-10-09_02-23-56,2026-10-09_02-20-00,4712,25648,JALAN AHMAD IBRAHIM,2,5,40,49,to_malaysia,1.338207,103.647189,1.338611,103.646773
2026-10-09_02-23-56,2026-10-09_02-20-00,4712,25649,TUAS WEST ROAD,2,4,30,39,to_singapore,1.338629,103.646244,1.338879,103.646493
2026-10-09_02-23-56,2026-10-09_02-20-00,4712,26806,JALAN AHMAD IBRAHIM,2,3,20,29,to_malaysia,1.338827,103.646576,1.338879,103.646493
2026-10-09_02-23-56,2026-10-09_02-20-00,4712,26938,TUAS AVENUE 1,4,2,10,19,to_malaysia,1.336986,103.644875,1.337069,103.644786
2026-10-09_02-23-56,2026-10-09_02-20-00,4712,26939,TUAS AVENUE 1,4,3,20,29,to_singapore,1.337111,103.644812,1.337021,103.644909
2026-10-09_02-23-56,2026-10-09_02-20-00,4712,27767,AYER RAJAH EXPRESSWAY,1,8,70,999,to_malaysia,1.338692,103.646888,1.3392,103.64635
2026-10-09_02-23-56,2026-10-09_02-20-00,4712,28000,TUAS WEST ROAD,2,6,50,59,to_malaysia,1.338008,103.645632,1.338327,103.645932
2026-10-09_02-23-56,2026-10-09_02-20-00,4712,28053,TUAS WEST ROAD,2,6,50,59,to_singapore,1.337902,103.645735,1.337021,103.644909
2026-10-09_02-23-56,2026-10-09_02-20-00,4712,28274,JALAN AHMAD IBRAHIM,2,4,30,39,to_malaysia,1.339862,103.645432,1.340896,103.644325
2026-10-09_02-23-56,2026-10-09_02-20-00,4712,29298,TUAS AVENUE 1,4,4,30,39,to_singapore,1.337021,103.644909,1.336306,103.645652
2026-10-09_02-23-56,2026-10-09_02-20-00,4713,29624,TUAS WEST DRIVE,3,6,50,59,to_malaysia,1.344625,103.638594,1.345306,103.639191
2026-10-09_02-23-56,2026-10-09_02-20-00,4712,29625,AYER RAJAH EXPRESSWAY,1,8,70,999,to_malaysia,1.3392,103.64635,1.340131,103.645318
2026-10-09_02-23-56,2026-10-09_02-20-00,4713,29633,TUAS WEST DRIVE,3,7,60,69,to_malaysia,1.344181,103.638315,1.344539,103.638539
2026-10-09_02-23-56,2026-10-09_02-20-00,4713,29634,TUAS WEST DRIVE,3,8,70,999,to_singapore,1.344571,103.638647,1.3445,103.6386
2026-10-09_02-23-56,2026-10-09_02-20-00,4713,29635,TUAS WEST DRIVE,3,7,60,69,to_malaysia,1.344539,103.638539,1.344625,103.638594
2026-10-09_02-23-56,2026-10-09_02-20-00,4713,29646,JALAN AHMAD IBRAHIM,2,6,50,59,to_malaysia,1.345495,103.639371,1.345669,103.639204
2026-10-09_02-23-56,2026-10-09_02-20-00,4713,29647,JALAN AHMAD IBRAHIM,2,3,20,29,to_malaysia,1.345251,103.639638,1.345495,103.639371
2026-10-09_02-23-56,2026-10-09_02-20-00,4713,29648,TUAS WEST DRIVE,3,6,50,59,to_singapore,1.345495,103.639371,1.345277,103.63926
2026-10-09_02-23-56,2026-10-09_02-20-00,4713,29649,JALAN AHMAD IBRAHIM,6,3,20,29,to_malaysia,1.345251,103.639638,1.345277,103.63926
2026-10-09_02-23-56,2026-10-09_02-20-00,4713,29663,TUAS WEST DRIVE,3,8,70,999,to_singapore,1.3445,103.6386,1.344189,103.638406
2026-10-09_02-23-56,2026-10-09_02-20-00,4712,29665,JALAN AHMAD IBRAHIM,2,7,60,69,to_malaysia,1.344066,103.640969,1.344881,103.640043
2026-10-09_02-23-56,2026-10-09_02-20-00,4713,29687,TUAS WEST DRIVE,3,7,60,69,to_singapore,1.345277,103.63926,1.344571,103.638647
2026-10-09_02-23-56,2026-10-09_02-20-00,4713,29694,TUAS WEST DRIVE,3,2,10,19,to_singapore,1.344539,103.638539,1.3445,103.6386
2026-10-09_02-23-56,2026-10-09_02-20-00,4713,29695,TUAS WEST DRIVE,3,5,40,49,to_malaysia,1.344571,103.638647,1.344625,103.638594
2026-10-09_02-23-56,2026-10-09_02-20-00,4712,29963,JALAN AHMAD IBRAHIM,2,4,30,39,to_malaysia,1.340896,103.644325,1.341102,103.644125
2026-10-09_02-23-56,2026-10-09_02-20-00,4712,30029,TUAS WEST ROAD,2,6,50,59,to_malaysia,1.337111,103.644812,1.338008,103.645632
2026-10-09_02-23-56,2026-10-09_02-20-00,4712,30036,TUAS WEST ROAD,2,7,60,69,to_singapore,1.336986,103.644875,1.335866,103.643825
2026-10-09_02-23-56,2026-10-09_02-20-00,4712,30051,TUAS WEST ROAD,6,4,30,39,to_malaysia,1.338629,103.646244,1.339037,103.64633
2026-10-09_02-23-56,2026-10-09_02-20-00,4713,30057,JALAN AHMAD IBRAHIM,2,7,60,69,to_malaysia,1.344881,103.640043,1.345251,103.639638
2026-10-09_02-23-56,2026-10-09_02-20-00,4713,30103,TUAS WEST DRIVE,6,3,20,29,to_malaysia,1.345306,103.639191,1.345669,103.639204
2026-10-09_02-23-56,2026-10-09_02-20-00,4713,48285,AYER RAJAH EXPRESSWAY,1,8,70,999,to_singapore,1.345698,103.639574,1.345602,103.639674
2026-10-09_02-23-56,2026-10-09_02-20-00,4712,48287,AYER RAJAH EXPRESSWAY,1,8,70,999,to_singapore,1.341444,103.64413,1.340216,103.645414
2026-10-09_02-23-56,2026-10-09_02-20-00,4712,48297,AYER RAJAH EXPRESSWAY,1,8,70,999,to_singapore,1.341769,103.64384,1.341444,103.64413
2026-10-09_02-23-56,2026-10-09_02-20-00,4712,48305,AYER RAJAH EXPRESSWAY,1,8,70,999,to_singapore,1.342979,103.642543,1.342413,103.643138
2026-10-09_02-23-56,2026-10-09_02-20-00,4712,48320,JALAN AHMAD IBRAHIM,2,4,30,39,to_singapore,1.339094,103.646831,1.338344,103.647585
2026-10-09_02-23-56,2026-10-09_02-20-00,4712,48386,AYER RAJAH EXPRESSWAY,1,8,70,999,to_singapore,1.338785,103.646974,1.337824,103.647969
2026-10-09_02-23-56,2026-10-09_02-20-00,4712,48388,JALAN AHMAD IBRAHIM,2,5,40,49,to_singapore,1.340517,103.645282,1.339774,103.646115
2026-10-09_02-23-56,2026-10-09_02-20-00,4713,48437,AYER RAJAH EXPRESSWAY,1,8,70,999,to_singapore,1.346637,103.638587,1.345807,103.639458
2026-10-09_02-23-56,2026-10-09_02-20-00,4713,48447,AYER RAJAH EXPRESSWAY,1,7,60,69,to_singapore,1.347683,103.637488,1.346637,103.638587
2026-10-09_02-23-56,2026-10-09_02-20-00,4713,48469,AYER RAJAH EXPRESSWAY,1,7,60,69,to_malaysia,1.345712,103.639364,1.346544,103.638491
2026-10-09_02-23-56,2026-10-09_02-20-00,4713,48509,AYER RAJAH EXPRESSWAY,1,8,70,999,to_singapore,1.345602,103.639674,1.344725,103.640629
2026-10-09_02-23-56,2026-10-09_02-20-00,4713,48550,AYER RAJAH EXPRESSWAY,1,8,70,999,to_singapore,1.345807,103.639458,1.345698,103.639574
2026-10-09_02-23-56,2026-10-09_02-20-00,4713,48598,JALAN AHMAD IBRAHIM,2,3,20,29,to_singapore,1.347553,103.637175,1.347779,103.637388
2026-10-09_02-23-56,2026-10-09_02-20-00,4713,48684,AYER RAJAH EXPRESSWAY,1,8,70,999,to_malaysia,1.345603,103.639479,1.345712,103.639364
2026-10-09_02-23-56,2026-10-09_02-20-00,4713,48702,AYER RAJAH EXPRESSWAY,1,3,20,29,to_malaysia,1.347419,103.637368,1.347009,103.636239
2026-10-09_02-23-56,2026-10-09_02-20-00,4713,48711,AYER RAJAH EXPRESSWAY,1,8,70,999,to_malaysia,1.345504,103.639582,1.345603,103.639479
2026-10-09_02-23-56,2026-10-09_02-20-00,4712,48734,JALAN AHMAD IBRAHIM,2,6,50,59,to_singapore,1.341769,103.64384,1.341282,103.644467
2026-10-09_02-23-56,2026-10-09_02-20-00,4712,48748,JALAN AHMAD IBRAHIM,2,7,60,69,to_singapore,1.341282,103.644467,1.340517,103.645282
2026-10-09_02-23-56,2026-10-09_02-20-00,4712,48749,AYER RAJAH EXPRESSWAY,1,8,70,999,to_singapore,1.340216,103.645414,1.339286,103.646449
2026-10-09_02-23-56,2026-10-09_02-20-00,4712,48764,AYER RAJAH EXPRESSWAY,1,8,70,999,to_malaysia,1.342287,103.642995,1.342935,103.642302
2026-10-09_02-23-56,2026-10-09_02-20-00,4713,48796,AYER RAJAH EXPRESSWAY,1,3,20,29,to_singapore,1.34847,103.63724,1.348095,103.637253
2026-10-09_02-23-56,2026-10-09_02-20-00,4712,48799,AYER RAJAH EXPRESSWAY,1,8,70,999,to_malaysia,1.341567,103.643733,1.342287,103.642995
2026-10-09_02-23-56,2026-10-09_02-20-00,4712,48924,JALAN AHMAD IBRAHIM,2,8,70,999,to_singapore,1.339774,103.646115,1.339168,103.646754
2026-10-09_02-23-56,2026-10-09_02-20-00,4713,49041,AYER RAJAH EXPRESSWAY,1,5,40,49,to_malaysia,1.346544,103.638491,1.347419,103.637368
2026-10-09_02-23-56,2026-10-09_02-20-00,4712,49043,AYER RAJAH EXPRESSWAY,1,8,70,999,to_malaysia,1.342935,103.642302,1.343508,103.641756
2026-10-09_02-23-56,2026-10-09_02-20-00,4712,49054,AYER RAJAH EXPRESSWAY,1,8,70,999,to_singapore,1.342413,103.643138,1.341769,103.64384
2026-10-09_02-23-56,2026-10-09_02-20-00,4712,49104,AYER RAJAH EXPRESSWAY,1,8,70,999,to_singapore,1.343605,103.64186,1.342979,103.642543
2026-10-09_02-23-56,2026-10-09_02-20-00,4713,50480,JALAN AHMAD IBRAHIM,2,6,50,59,to_malaysia,1.345669,103.639204,1.346572,103.638282
2026-10-09_02-23-56,2026-10-09_02-20-00,4713,52346,JALAN AHMAD IBRAHIM,2,5,40,49,to_malaysia,1.346572,103.638282,1.347259,103.637339
2026-10-09_02-23-56,2026-10-09_02-20-00,4713,64158,JALAN AHMAD IBRAHIM,2,3,20,29,to_malaysia,1.347259,103.637339,1.347553,103.637175
2026-10-09_02-23-56,2026-10-09_02-20-00,4712,90750,AYER RAJAH EXPRESSWAY,1,8,70,999,to_singapore,1.339286,103.646449,1.338785,103.646974
2026-10-09_02-23-56,2026-10-09_02-20-00,2702,124791,BUKIT TIMAH EXPRESSWAY,2,5,40,49,to_malaysia,1.442556,103.767937,1.443798,103.767645
2026-10-09_02-23-56,2026-10-09_02-20-00,2702,124792,BUKIT TIMAH EXPRESSWAY,2,4,30,39,to_malaysia,1.441669,103.767966,1.442556,103.767937
2026-10-09_02-23-56,2026-10-09_02-20-00,2702,124793,BUKIT TIMAH EXPRESSWAY,2,4,30,39,to_malaysia,1.44048,103.768042,1.441669,103.767966
2026-10-09_02-23-56,2026-10-09_02-20-00,2702,124794,BUKIT TIMAH EXPRESSWAY,2,4,30,39,to_malaysia,1.440099,103.768178,1.44048,103.768042
2026-10-09_02-23-56,2026-10-09_02-20-00,2702,124796,BUKIT TIMAH EXPRESSWAY,2,1,0,9,to_malaysia,1.441076,103.76818,1.441716,103.768139
2026-10-09_02-23-56,2026-10-09_02-20-00,2702,124797,BUKIT TIMAH EXPRESSWAY,2,4,30,39,to_malaysia,1.440583,103.768202,1.441076,103.76818
2026-10-09_02-23-56,2026-10-09_02-20-00,2702,124800,BUKIT TIMAH EXPRESSWAY,2,3,20,29,to_malaysia,1.44044,103.768246,1.440583,103.768202
2026-10-09_02-23-56,2026-10-09_02-20-00,2702,124801,WOODLANDS ROAD,2,4,30,39,to_malaysia,1.440583,103.768202,1.440593,103.768333
2026-10-09_02-23-56,2026-10-09_02-20-00,2702,124803,WOODLANDS CENTRE ROAD,2,4,30,39,to_singapore,1.440593,103.768333,1.44044,103.768246
2026-10-09_02-23-56,2026-10-09_02-20-00,2702,124804,BUKIT TIMAH EXPRESSWAY,2,6,50,59,to_singapore,1.441622,103.768264,1.441086,103.768308
2026-10-09_02-23-56,2026-10-09_02-20-00,2702,124808,BUKIT TIMAH EXPRESSWAY,2,5,40,49,to_singapore,1.441086,103.768308,1.440593,103.768333
2026-10-09_02-23-56,2026-10-09_02-20-00,2702,124809,BUKIT TIMAH EXPRESSWAY,2,5,40,49,to_singapore,1.440593,103.768333,1.440473,103.768381
2026-10-09_02-23-56,2026-10-09_02-20-00,2702,124810,WOODLANDS ROAD,2,5,40,49,to_malaysia,1.440593,103.768333,1.440805,103.768547
2026-10-09_02-23-56,2026-10-09_02-20-00,2702,124813,WOODLANDS CENTRE ROAD,2,7,60,69,to_singapore,1.440473,103.768381,1.439932,103.768413
2026-10-09_02-23-56,2026-10-09_02-20-00,2702,124819,BUKIT TIMAH EXPRESSWAY,2,7,60,69,to_singapore,1.441759,103.768439,1.440624,103.768473
2026-10-09_02-23-56,2026-10-09_02-20-00,2702,124823,BUKIT TIMAH EXPRESSWAY,2,7,60,69,to_singapore,1.440624,103.768473,1.440144,103.768494
2026-10-09_02-23-56,2026-10-09_02-20-00,2702,124829,WOODLANDS ROAD,2,3,20,29,to_malaysia,1.440805,103.768547,1.441065,103.768705
2026-10-09_02-23-56,2026-10-09_02-20-00,2702,124837,WOODLANDS CENTRE ROAD,2,4,30,39,to_malaysia,1.441476,103.768872,1.441882,103.76902
2026-10-09_02-23-56,2026-10-09_02-20-00,2702,124838,WOODLANDS CENTRE ROAD,2,3,20,29,to_malaysia,1.441476,103.768872,1.441646,103.76906
2026-10-09_02-23-56,2026-10-09_02-20-00,2702,124839,WOODLANDS CENTRE ROAD,2,5,40,49,to_malaysia,1.441882,103.76902,1.442718,103.769357
2026-10-09_02-23-56,2026-10-09_02-20-00,2702,124841,WOODLANDS CENTRE ROAD,2,6,50,59,to_singapore,1.441868,103.769063,1.441676,103.769086
2026-10-09_02-23-56,2026-10-09_02-20-00,2702,124842,WOODLANDS CENTRE ROAD,2,4,30,39,to_singapore,1.442705,103.769406,1.441868,103.769063
2026-10-09_02-23-56,2026-10-09_02-20-00,2702,124850,WOODLANDS CENTRE ROAD,2,3,20,29,to_singapore,1.443132,103.769674,1.442705,103.769406
2026-10-09_02-23-56,2026-10-09_02-20-00,2702,124859,WOODLANDS CENTRE ROAD,2,3,20,29,to_singapore,1.443342,103.770245,1.443132,103.769674
2026-10-09_02-23-56,2026-10-09_02-20-00,2702,124872,WOODLANDS CENTRE ROAD,2,3,20,29,to_malaysia,1.442628,103.770892,1.443342,103.770245
2026-10-09_02-23-56,2026-10-09_02-20-00,2702,124873,WOODLANDS CENTRE ROAD,2,4,30,39,to_singapore,1.443392,103.770252,1.44265,103.770942
2026-10-09_02-23-56,2026-10-09_02-20-00,2702,124897,WOODLANDS CENTRE ROAD,2,5,40,49,to_singapore,1.44265,103.770942,1.442325,103.770966
2026-10-09_02-23-56,2026-10-09_02-20-00,2702,124907,WOODLANDS CENTRE ROAD,2,4,30,39,to_singapore,1.442325,103.770966,1.441694,103.770991
2026-10-09_02-23-56,2026-10-09_02-20-00,2701,124922,ADMIRALTY ROAD WEST,2,4,30,39,to_malaysia,1.447682,103.771025,1.44891,103.771646
2026-10-09_02-23-56,2026-10-09_02-20-00,2701,124944,ADMIRALTY ROAD WEST,2,4,30,39,to_singapore,1.448892,103.771662,1.447783,103.771118
2026-10-09_02-23-56,2026-10-09_02-20-00,2701,124958,ADMIRALTY ROAD WEST,2,3,20,29,to_singapore,1.44891,103.771646,1.449803,103.772734
2026-10-09_02-23-56,2026-10-09_02-20-00,2701,124959,ADMIRALTY ROAD WEST,2,5,40,49,to_malaysia,1.449778,103.772753,1.448892,103.771662
2026-10-09_02-23-56,2026-10-09_02-20-00,2701,125072,ADMIRALTY ROAD WEST,2,3,20,29,to_singapore,1.449803,103.772734,1.45049,103.774144
2026-10-09_02-23-56,2026-10-09_02-20-00,2702,143630,WOODLANDS ROAD,2,5,40,49,to_malaysia,1.440057,103.767654,1.440379,103.767996
2026-10-09_02-23-56,2026-10-09_02-20-00,2702,143634,WOODLANDS ROAD,2,6,50,59,to_singapore,1.440261,103.768069,1.440009,103.767819
2026-10-09_02-23-56,2026-10-09_02-20-00,2702,143636,WOODLANDS ROAD,2,4,30,39,to_malaysia,1.440379,103.767996,1.440583,103.768202
2026-10-09_02-23-56,2026-10-09_02-20-00,2702,143637,WOODLANDS ROAD,2,3,20,29,to_singapore,1.44044,103.768246,1.440261,103.768069
2026-10-09_02-23-56,2026-10-09_02-20-00,4713,161901,JALAN AHMAD IBRAHIM,2,5,40,49,to_singapore,1.347754,103.637566,1.347049,103.638304
2026-10-09_02-23-56,2026-10-09_02-20-00,4713,162846,JALAN AHMAD IBRAHIM,2,3,20,29,to_singapore,1.347779,103.637388,1.347754,103.637566
2026-10-09_02-23-56,2026-10-09_02-20-00,4713,162847,JALAN AHMAD IBRAHIM,2,7,60,69,to_singapore,1.347049,103.638304,1.346317,103.639079
2026-10-09_02-23-56,2026-10-09_02-20-00,4713,162848,JALAN AHMAD IBRAHIM,2,7,60,69,to_singapore,1.346317,103.639079,1.345927,103.639467
2026-10-09_02-23-56,2026-10-09_02-20-00,4712,162852,JALAN AHMAD IBRAHIM,2,7,60,69,to_singapore,1.343767,103.641845,1.342979,103.642543
2026-10-09_02-23-56,2026-10-09_02-20-00,4713,162853,JALAN AHMAD IBRAHIM,2,8,70,999,to_singapore,1.345927,103.639467,1.345833,103.63948
2026-10-09_02-23-56,2026-10-09_02-20-00,4713,162854,JALAN AHMAD IBRAHIM,2,4,30,39,to_singapore,1.345833,103.63948,1.34567,103.639431
2026-10-09_02-23-56,2026-10-09_02-20-00,4713,162855,JALAN AHMAD IBRAHIM,2,4,30,39,to_singapore,1.34567,103.639431,1.345495,103.639371
2026-10-09_02-23-56,2026-10-09_02-20-00,4713,162856,JALAN AHMAD IBRAHIM,2,7,60,69,to_malaysia,1.345251,103.639638,1.345618,103.639477
2026-10-09_02-23-56,2026-10-09_02-20-00,4713,162857,JALAN AHMAD IBRAHIM,2,3,20,29,to_malaysia,1.345618,103.639477,1.345733,103.639517
2026-10-09_02-23-56,2026-10-09_02-20-00,4712,163051,TUAS WEST ROAD,2,3,20,29,to_singapore,1.338879,103.646493,1.339168,103.646754
2026-10-09_02-23-56,2026-10-09_02-20-00,4712,163052,TUAS WEST ROAD,2,3,20,29,to_malaysia,1.339094,103.646831,1.338827,103.646576
2026-10-09_02-23-56,2026-10-09_02-20-00,4713,163824,JALAN AHMAD IBRAHIM,2,3,20,29,to_malaysia,1.347259,103.637339,1.347301,103.636953
2026-10-09_02-23-56,2026-10-09_02-20-00,4713,163825,JALAN AHMAD IBRAHIM,4,2,10,19,to_singapore,1.347301,103.636953,1.346201,103.636276
2026-10-09_02-23-56,2026-10-09_02-20-00,4713,163826,JALAN AHMAD IBRAHIM,4,1,0,9,to_malaysia,1.347301,103.636953,1.346952,103.636512
2026-10-09_02-23-56,2026-10-09_02-20-00,4713,163827,JALAN AHMAD IBRAHIM,4,2,10,19,to_singapore,1.348296,103.637206,1.348039,103.63732
2026-10-09_02-23-56,2026-10-09_02-20-00,4713,163828,JALAN AHMAD IBRAHIM,4,1,0,9,to_malaysia,1.346484,103.636188,1.347457,103.636552
2026-10-09_02-23-56,2026-10-09_02-20-00,4713,163841,JALAN AHMAD IBRAHIM,4,1,0,9,to_malaysia,1.347852,103.636538,1.348315,103.636714
2026-10-09_02-23-56,2026-10-09_02-20-00,4713,163843,JALAN AHMAD IBRAHIM,4,3,20,29,to_malaysia,1.348262,103.636854,1.348478,103.636935
2026-10-09_02-23-56,2026-10-09_02-20-00,4713,163845,JALAN AHMAD IBRAHIM,4,1,0,9,to_malaysia,1.348478,103.636935,1.348979,103.637122
2026-10-09_02-23-56,2026-10-09_02-20-00,4713,163846,JALAN AHMAD IBRAHIM,4,2,10,19,to_singapore,1.348478,103.636935,1.348296,103.637206
2026-10-09_02-23-56,2026-10-09_02-20-00,4713,163847,JALAN AHMAD IBRAHIM,4,1,0,9,to_singapore,1.34815,103.637029,1.348039,103.63732
2026-10-09_02-23-56,2026-10-09_02-20-00,4713,163848,JALAN AHMAD IBRAHIM,2,4,30,39,to_singapore,1.348039,103.63732,1.347754,103.637566
2026-10-09_02-23-56,2026-10-09_02-20-00,4713,163849,JALAN AHMAD IBRAHIM,4,3,20,29,to_singapore,1.348979,103.637122,1.348801,103.637224
2026-10-09_02-23-56,2026-10-09_02-20-00,4713,163850,JALAN AHMAD IBRAHIM,4,3,20,29,to_singapore,1.348315,103.636714,1.348262,103.636854
2026-10-09_02-23-56,2026-10-09_02-20-00,4713,163864,JALAN AHMAD IBRAHIM,4,3,20,29,to_malaysia,1.347301,103.636953,1.347457,103.636552
2026-10-09_02-23-56,2026-10-09_02-20-00,4713,163877,JALAN AHMAD IBRAHIM,4,2,10,19,to_singapore,1.348262,103.636854,1.34815,103.637029
2026-10-09_02-23-56,2026-10-09_02-20-00,4713,163878,JALAN AHMAD IBRAHIM,4,1,0,9,to_malaysia,1.34815,103.637029,1.347852,103.636538
2026-10-09_02-23-56,2026-10-09_02-20-00,4713,163886,JALAN AHMAD IBRAHIM,4,1,0,9,to_malaysia,1.347457,103.636552,1.347852,103.636538
2026-10-09_02-23-56,2026-10-09_02-20-00,4713,163896,AYER RAJAH EXPRESSWAY,1,4,30,39,to_malaysia,1.347419,103.637368,1.346889,103.636683
2026-10-09_02-23-56,2026-10-09_02-20-00,4713,163907,AYER RAJAH EXPRESSWAY,1,1,0,9,to_malaysia,1.346889,103.636683,1.346517,103.636056
2026-10-09_02-23-56,2026-10-09_02-20-00,4713,163910,AYER RAJAH EXPRESSWAY,1,3,20,29,to_malaysia,1.347419,103.637368,1.347683,103.637488
2026-10-09_02-23-56,2026-10-09_02-20-00,4713,163911,AYER RAJAH EXPRESSWAY,1,2,10,19,to_singapore,1.348655,103.636918,1.34847,103.63724
2026-10-09_02-23-56,2026-10-09_02-20-00,4713,163913,AYER RAJAH EXPRESSWAY,1,1,0,9,to_singapore,1.349139,103.6371,1.348973,103.637398
2026-10-09_02-23-56,2026-10-09_02-20-00,4713,163914,AYER RAJAH EXPRESSWAY,1,3,20,29,to_singapore,1.348973,103.637398,1.34847,103.63724
2026-10-09_02-23-56,2026-10-09_02-20-00,4713,163916,AYER RAJAH EXPRESSWAY,1,2,10,19,to_singapore,1.348095,103.637253,1.347389,103.636766
2026-10-09_02-23-56,2026-10-09_02-20-00,4713,163917,AYER RAJAH EXPRESSWAY,1,3,20,29,to_singapore,1.348095,103.637253,1.347683,103.637488
2026-10-09_02-23-56,2026-10-09_02-20-00,4713,163940,AYER RAJAH EXPRESSWAY,1,1,0,9,to_singapore,1.349139,103.6371,1.348655,103.636918
2026-10-09_02-23-56,2026-10-09_02-20-00,4713,163941,AYER RAJAH EXPRESSWAY,1,1,0,9,to_singapore,1.348655,103.636918,1.348327,103.636795
2026-10-09_02-23-56,2026-10-09_02-20-00,4713,163942,AYER RAJAH EXPRESSWAY,1,3,20,29,to_singapore,1.348327,103.636795,1.347721,103.63675
2026-10-09_02-23-56,2026-10-09_02-20-00,4713,164074,JALAN AHMAD IBRAHIM,4,1,0,9,to_malaysia,1.350951,103.637763,1.34988,103.637599
2026-10-09_02-23-56,2026-10-09_02-20-00,4713,164075,JALAN AHMAD IBRAHIM,4,3,20,29,to_singapore,1.349926,103.63748,1.34988,103.637599
2026-10-09_02-23-56,2026-10-09_02-20-00,4713,164076,JALAN AHMAD IBRAHIM,4,1,0,9,to_singapore,1.348979,103.637122,1.349584,103.637351
2026-10-09_02-23-56,2026-10-09_02-20-00,4713,164077,JALAN AHMAD IBRAHIM,4,1,0,9,to_malaysia,1.350178,103.637575,1.350212,103.637484
2026-10-09_02-23-56,2026-10-09_02-20-00,4713,164081,JALAN AHMAD IBRAHIM,4,1,0,9,to_malaysia,1.350752,103.637688,1.350212,103.637484
2026-10-09_02-23-56,2026-10-09_02-20-00,4713,164083,JALAN AHMAD IBRAHIM,4,1,0,9,to_malaysia,1.350951,103.637763,1.350752,103.637688
2026-10-09_02-23-56,2026-10-09_02-20-00,4713,164084,JALAN AHMAD IBRAHIM,4,3,20,29,to_singapore,1.349968,103.637392,1.349926,103.63748
2026-10-09_02-23-56,2026-10-09_02-20-00,4713,164085,JALAN AHMAD IBRAHIM,4,1,0,9,to_malaysia,1.350752,103.637688,1.350178,103.637575
2026-10-09_02-23-56,2026-10-09_02-20-00,4713,164089,JALAN AHMAD IBRAHIM,4,1,0,9,to_malaysia,1.349808,103.637575,1.34951,103.637471
2026-10-09_02-23-56,2026-10-09_02-20-00,4713,164096,JALAN AHMAD IBRAHIM,4,1,0,9,to_malaysia,1.350178,103.637575,1.349926,103.63748
2026-10-09_02-23-56,2026-10-09_02-20-00,4713,164099,JALAN AHMAD IBRAHIM,4,1,0,9,to_malaysia,1.349968,103.637392,1.34962,103.637259
2026-10-09_02-23-56,2026-10-09_02-20-00,4713,164100,JALAN AHMAD IBRAHIM,4,3,20,29,to_singapore,1.348801,103.637224,1.348296,103.637206
2026-10-09_02-23-56,2026-10-09_02-20-00,4713,164102,JALAN AHMAD IBRAHIM,4,2,10,19,to_singapore,1.34962,103.637259,1.349584,103.637351
2026-10-09_02-23-56,2026-10-09_02-20-00,4713,164103,JALAN AHMAD IBRAHIM,4,2,10,19,to_singapore,1.349584,103.637351,1.349854,103.637453
2026-10-09_02-23-56,2026-10-09_02-20-00,4713,164104,JALAN AHMAD IBRAHIM,4,2,10,19,to_singapore,1.349584,103.637351,1.34951,103.637471
2026-10-09_02-23-56,2026-10-09_02-20-00,4713,164105,JALAN AHMAD IBRAHIM,4,4,30,39,to_malaysia,1.34951,103.637471,1.348801,103.637224
2026-10-09_02-23-56,2026-10-09_02-20-00,4713,164115,AYER RAJAH EXPRESSWAY,1,2,10,19,to_malaysia,1.349626,103.637285,1.349139,103.6371
2026-10-09_02-23-56,2026-10-09_02-20-00,4713,164116,AYER RAJAH EXPRESSWAY,1,3,20,29,to_singapore,1.349626,103.637285,1.348973,103.637398
2026-10-09_02-23-56,2026-10-09_02-20-00,4713,164134,JALAN AHMAD IBRAHIM,4,1,0,9,to_malaysia,1.350212,103.637484,1.349968,103.637392
2026-10-09_02-23-56,2026-10-09_02-20-00,4713,164135,JALAN AHMAD IBRAHIM,4,3,20,29,to_singapore,1.346952,103.636512,1.346484,103.636188
2026-10-09_02-23-56,2026-10-09_02-20-00,4713,164137,JALAN AHMAD IBRAHIM,4,2,10,19,to_malaysia,1.349808,103.637575,1.349854,103.637453
2026-10-09_02-23-56,2026-10-09_02-20-00,4713,164138,JALAN AHMAD IBRAHIM,4,1,0,9,to_malaysia,1.349854,103.637453,1.349968,103.637392
2026-10-09_02-23-56,2026-10-09_02-20-00,4713,164139,JALAN AHMAD IBRAHIM,4,3,20,29,to_singapore,1.349854,103.637453,1.349926,103.63748
2026-10-09_02-23-56,2026-10-09_02-20-00,4713,164140,JALAN AHMAD IBRAHIM,4,1,0,9,to_malaysia,1.34988,103.637599,1.349808,103.637575
2026-10-09_02-23-56,2026-10-09_02-20-00,4713,164141,AYER RAJAH EXPRESSWAY,1,1,0,9,to_malaysia,1.347389,103.636766,1.34748,103.636422
2026-10-09_02-23-56,2026-10-09_02-20-00,4712,166434,JALAN AHMAD IBRAHIM,2,2,10,19,to_singapore,1.339168,103.646754,1.339094,103.646831
2026-10-09_02-23-56,2026-10-09_02-20-00,2702,169200,WOODLANDS CHECKPOINT SERVICE ROAD,4,1,0,9,to_malaysia,1.444222,103.767449,1.444872,103.767043
2026-10-09_02-23-56,2026-10-09_02-20-00,2702,169202,WOODLANDS CHECKPOINT SERVICE ROAD,4,1,0,9,to_malaysia,1.444222,103.767449,1.444725,103.767352
2026-10-09_02-23-56,2026-10-09_02-20-00,2702,169216,BUKIT TIMAH EXPRESSWAY,2,5,40,49,to_singapore,1.442772,103.768203,1.441622,103.768264
2026-10-09_02-23-56,2026-10-09_02-20-00,2702,169280,WOODLANDS CHECKPOINT SERVICE ROAD,4,2,10,19,to_singapore,1.443474,103.768705,1.443058,103.76839
2026-10-09_02-23-56,2026-10-09_02-20-00,2702,169282,WOODLANDS CHECKPOINT SERVICE ROAD,4,5,40,49,to_singapore,1.442914,103.768269,1.441622,103.768264
2026-10-09_02-23-56,2026-10-09_02-20-00,2702,169285,BUKIT TIMAH EXPRESSWAY,2,5,40,49,to_singapore,1.443058,103.76839,1.441759,103.768439
2026-10-09_02-23-56,2026-10-09_02-20-00,2702,169286,WOODLANDS CHECKPOINT SERVICE ROAD,4,2,10,19,to_singapore,1.44395,103.767987,1.442772,103.768203
2026-10-09_02-23-56,2026-10-09_02-20-00,2702,169298,WOODLANDS CHECKPOINT SERVICE ROAD,4,1,0,9,to_singapore,1.443608,103.768608,1.442914,103.768269
2026-10-09_02-23-56,2026-10-09_02-20-00,2702,169299,WOODLANDS CHECKPOINT SERVICE ROAD,4,2,10,19,to_singapore,1.443608,103.768608,1.442914,103.768269
2026-10-09_02-23-56,2026-10-09_02-20-00,2702,169322,WOODLANDS CHECKPOINT SERVICE ROAD,4,1,0,9,to_malaysia,1.441716,103.768139,1.442721,103.768076
2026-10-09_02-23-56,2026-10-09_02-20-00,2702,169429,WOODLANDS CHECKPOINT SERVICE ROAD,4,3,20,29,to_singapore,1.442968,103.768232,1.441622,103.768264
2026-10-09_02-23-56,2026-10-09_02-20-00,2702,169430,WOODLANDS CHECKPOINT SERVICE ROAD,4,2,10,19,to_singapore,1.444272,103.767477,1.443049,103.767986
2026-10-09_02-23-56,2026-10-09_02-20-00,2702,169454,WOODLANDS CHECKPOINT SERVICE ROAD,4,1,0,9,to_malaysia,1.443077,103.767925,1.444222,103.767449
2026-10-09_02-23-56,2026-10-09_02-20-00,2702,169455,WOODLANDS CHECKPOINT SERVICE ROAD,4,1,0,9,to_malaysia,1.442721,103.768076,1.443077,103.767925
2026-10-09_02-23-56,2026-10-09_02-20-00,2702,169456,WOODLANDS CHECKPOINT SERVICE ROAD,2,2,10,19,to_malaysia,1.442556,103.767937,1.443077,103.767925
2026-10-09_02-23-56,2026-10-09_02-20-00,2702,170145,WOODLANDS CENTRE ROAD,2,3,20,29,to_malaysia,1.443245,103.769716,1.443392,103.770252
2026-10-09_02-23-56,2026-10-09_02-20-00,2702,171873,MARSILING LANE,2,4,30,39,to_malaysia,1.446335,103.771377,1.44635,103.771396
2026-10-09_02-23-56,2026-10-09_02-20-00,2702,171874,MARSILING LANE,2,3,20,29,to_singapore,1.44635,103.771396,1.446335,103.771377
2026-10-09_02-23-56,2026-10-09_02-20-00,2702,171876,MARSILING LANE,2,3,20,29,to_malaysia,1.446335,103.771377,1.446484,103.771237
2026-10-09_02-23-56,2026-10-09_02-20-00,2702,171877,MARSILING LANE,2,3,20,29,to_singapore,1.44635,103.771396,1.44608,103.771716
2026-10-09_02-23-56,2026-10-09_02-20-00,4712,175294,AYER RAJAH EXPRESSWAY,1,8,70,999,to_malaysia,1.343508,103.641756,1.344361,103.640828
2026-10-09_02-23-56,2026-10-09_02-20-00,4712,175914,AYER RAJAH EXPRESSWAY,1,8,70,999,to_malaysia,1.344361,103.640828,1.345504,103.639582
2026-10-09_02-23-56,2026-10-09_02-20-00,2702,177375,WOODLANDS CENTRE ROAD,2,4,30,39,to_malaysia,1.442718,103.769357,1.44312,103.769597
2026-10-09_02-23-56,2026-10-09_02-20-00,2702,177376,WOODLANDS CHECKPOINT SERVICE ROAD,2,1,0,9,to_malaysia,1.44312,103.769597,1.443671,103.769657
2026-10-09_02-23-56,2026-10-09_02-20-00,2702,177381,MARSILING LANE,2,4,30,39,to_malaysia,1.446484,103.771237,1.447452,103.771548
2026-10-09_02-23-56,2026-10-09_02-20-00,2701,177382,MARSILING LANE,2,4,30,39,to_singapore,1.447783,103.771118,1.447467,103.771581
2026-10-09_02-23-56,2026-10-09_02-20-00,2702,177383,MARSILING LANE,2,4,30,39,to_singapore,1.446504,103.771264,1.44635,103.771396
2026-10-09_02-23-56,2026-10-09_02-20-00,2702,177405,BUKIT TIMAH EXPRESSWAY,2,1,0,9,to_malaysia,1.441716,103.768139,1.442947,103.768097
2026-10-09_02-23-56,2026-10-09_02-20-00,4713,177717,JALAN AHMAD IBRAHIM,2,3,20,29,to_malaysia,1.345733,103.639517,1.345843,103.639571
2026-10-09_02-23-56,2026-10-09_02-20-00,4713,177744,JALAN AHMAD IBRAHIM,2,8,70,999,to_singapore,1.345927,103.639467,1.345843,103.639571
2026-10-09_02-23-56,2026-10-09_02-20-00,2702,177802,WOODLANDS CHECKPOINT SERVICE ROAD,2,3,20,29,to_malaysia,1.442947,103.768097,1.444136,103.767749
2026-10-09_02-23-56,2026-10-09_02-20-00,2702,177803,WOODLANDS CHECKPOINT SERVICE ROAD,2,3,20,29,to_malaysia,1.442947,103.768097,1.444143,103.767676
2026-10-09_02-23-56,2026-10-09_02-20-00,2702,177848,WOODLANDS CHECKPOINT SERVICE ROAD,4,1,0,9,to_singapore,1.443049,103.767986,1.442947,103.768097
2026-10-09_02-23-56,2026-10-09_02-20-00,2702,178404,WOODLANDS CHECKPOINT SERVICE ROAD,2,2,10,19,to_singapore,1.443861,103.76977,1.443634,103.769743
2026-10-09_02-23-56,2026-10-09_02-20-00,2702,178915,WOODLANDS CENTRE ROAD,2,3,20,29,to_malaysia,1.44312,103.769597,1.443245,103.769716
2026-10-09_02-23-56,2026-10-09_02-20-00,4713,179173,JALAN AHMAD IBRAHIM,2,8,70,999,to_singapore,1.345843,103.639571,1.344631,103.640896
2026-10-09_02-23-56,2026-10-09_02-20-00,2702,179538,WOODLANDS CHECKPOINT SERVICE ROAD,2,1,0,9,to_malaysia,1.443671,103.769657,1.443861,103.76977
2026-10-09_02-23-56,2026-10-09_02-20-00,2702,179539,WOODLANDS CHECKPOINT SERVICE ROAD,2,2,10,19,to_singapore,1.443634,103.769743,1.443245,103.769716
2026-10-09_02-23-56,2026-10-09_02-20-00,2702,179540,WOODLANDS CHECKPOINT SERVICE ROAD,2,2,10,19,to_singapore,1.443671,103.769657,1.443634,103.769743
2026-10-09_02-23-56,2026-10-09_02-20-00,4712,189157,TUAS WEST ROAD,2,3,20,29,to_malaysia,1.338827,103.646576,1.338636,103.646398
2026-10-09_02-23-56,2026-10-09_02-20-00,4712,195136,JALAN AHMAD IBRAHIM,6,3,20,29,to_malaysia,1.338642,103.64656,1.338636,103.646398
2026-10-09_02-23-56,2026-10-09_02-20-00,4712,195137,JALAN AHMAD IBRAHIM,6,4,30,39,to_malaysia,1.338642,103.64656,1.338479,103.646271
2026-10-09_02-23-56,2026-10-09_02-20-00,4712,195138,TUAS WEST ROAD,2,3,20,29,to_singapore,1.338636,103.646398,1.338479,103.646271
2026-10-09_02-23-56,2026-10-09_02-20-00,4712,195674,TUAS WEST ROAD,2,5,40,49,to_singapore,1.338479,103.646271,1.337902,103.645735
2026-10-09_02-23-56,2026-10-09_02-20-00,4712,195775,JALAN AHMAD IBRAHIM,6,4,30,39,to_malaysia,1.338611,103.646773,1.338642,103.64656
2026-10-09_02-23-56,2026-10-09_02-20-00,2702,206237,CAUSEWAY,4,1,0,9,to_malaysia,1.444504,103.767372,1.444525,103.767411
2026-10-09_02-23-56,2026-10-09_02-20-00,2702,206783,WOODLANDS CHECKPOINT SERVICE ROAD,4,1,0,9,to_malaysia,1.444222,103.767449,1.444504,103.767372
2026-10-09_02-23-56,2026-10-09_02-20-00,2701,211395,WOODLANDS CHECKPOINT SERVICE ROAD,4,6,50,59,to_malaysia,1.448722,103.769901,1.449612,103.770117
2026-10-09_02-23-56,2026-10-09_02-20-00,4703,211436,TUAS SECOND CROSSING,4,6,50,59,to_singapore,1.350474,103.633506,1.350501,103.63347
2026-10-09_02-23-56,2026-10-09_02-20-00,4703,211495,TUAS SECOND CROSSING,4,0,,,to_malaysia,1.350707,103.633249,1.350543,103.633466
2026-10-09_02-23-56,2026-10-09_02-20-00,4703,212074,TUAS SECOND CROSSING,4,4,30,39,to_singapore,1.349788,103.634429,1.350474,103.633506
2026-10-09_02-23-56,2026-10-09_02-20-00,4703,212076,TUAS SECOND CROSSING,4,0,,,to_malaysia,1.352164,103.631302,1.351516,103.632166
2026-10-09_02-23-56,2026-10-09_02-20-00,4703,212168,TUAS SECOND CROSSING,4,1,0,9,to_malaysia,1.349906,103.634959,1.349761,103.634465
2026-10-09_02-23-56,2026-10-09_02-20-00,4703,212170,TUAS SECOND CROSSING,4,1,0,9,to_malaysia,1.350673,103.635352,1.349906,103.634959
2026-10-09_02-23-56,2026-10-09_02-20-00,4703,212331,TUAS SECOND CROSSING,4,0,,,to_malaysia,1.351516,103.632166,1.350707,103.633249
2026-10-09_02-23-56,2026-10-09_02-20-00,2702,213549,WOODLANDS CHECKPOINT SERVICE ROAD,4,1,0,9,to_malaysia,1.444725,103.767352,1.444776,103.767351
2026-10-09_02-23-56,2026-10-09_02-20-00,4703,214360,TUAS SECOND CROSSING,4,2,10,19,to_malaysia,1.348329,103.63446,1.349667,103.634588
2026-10-09_02-23-56,2026-10-09_02-20-00,4703,214361,TUAS SECOND CROSSING,4,5,40,49,to_malaysia,1.349667,103.634588,1.349761,103.634465
2026-10-09_02-23-56,2026-10-09_02-20-00,4703,214363,TUAS SECOND CROSSING,4,1,0,9,to_malaysia,1.349667,103.635596,1.349906,103.634959
2026-10-09_02-23-56,2026-10-09_02-20-00,2702,214374,WOODLANDS CHECKPOINT SERVICE ROAD,4,2,10,19,to_malaysia,1.444222,103.767449,1.444906,103.767009
2026-10-09_02-23-56,2026-10-09_02-20-00,2702,214375,WOODLANDS CHECKPOINT SERVICE ROAD,4,1,0,9,to_malaysia,1.444872,103.767043,1.444891,103.767047
2026-10-09_02-23-56,2026-10-09_02-20-00,2702,214377,WOODLANDS CHECKPOINT SERVICE ROAD,4,1,0,9,to_malaysia,1.444725,103.767352,1.444769,103.76737
2026-10-09_02-23-56,2026-10-09_02-20-00,2702,214380,WOODLANDS CHECKPOINT SERVICE ROAD,2,3,20,29,to_malaysia,1.443798,103.767645,1.444922,103.766966
2026-10-09_02-23-56,2026-10-09_02-20-00,2702,214381,WOODLANDS CHECKPOINT SERVICE ROAD,4,1,0,9,to_malaysia,1.444525,103.767411,1.444725,103.767487
2026-10-09_02-23-56,2026-10-09_02-20-00,2702,214382,WOODLANDS CHECKPOINT SERVICE ROAD,4,1,0,9,to_malaysia,1.444504,103.767372,1.444748,103.767425
2026-10-09_02-23-56,2026-10-09_02-20-00,2702,214383,WOODLANDS CHECKPOINT SERVICE ROAD,4,1,0,9,to_malaysia,1.444143,103.767676,1.444633,103.767729
2026-10-09_02-23-56,2026-10-09_02-20-00,2702,214384,WOODLANDS CHECKPOINT SERVICE ROAD,4,2,10,19,to_malaysia,1.444136,103.767749,1.444563,103.767915
2026-10-09_02-23-56,2026-10-09_02-20-00,4703,214385,TUAS SECOND CROSSING,4,0,,,to_malaysia,1.350543,103.633466,1.350516,103.633503
2026-10-09_02-23-56,2026-10-09_02-20-00,2702,214386,WOODLANDS CHECKPOINT SERVICE ROAD,4,2,10,19,to_malaysia,1.444136,103.767749,1.444584,103.767859
2026-10-09_02-23-56,2026-10-09_02-20-00,2702,214389,WOODLANDS CHECKPOINT SERVICE ROAD,2,1,0,9,to_malaysia,1.443861,103.76977,1.443937,103.7698
2026-10-09_02-23-56,2026-10-09_02-20-00,2702,214396,WOODLANDS CENTRE ROAD,2,4,30,39,to_malaysia,1.441065,103.768705,1.441222,103.768768
2026-10-09_02-23-56,2026-10-09_02-20-00,4703,214397,TUAS SECOND CROSSING,4,3,20,29,to_singapore,1.349626,103.63467,1.349591,103.634704
2026-10-09_02-23-56,2026-10-09_02-20-00,2701,214401,WOODLANDS CHECKPOINT SERVICE ROAD,2,3,20,29,to_malaysia,1.448586,103.770362,1.449612,103.770117
2026-10-09_02-23-56,2026-10-09_02-20-00,2701,214404,WOODLANDS CAUSEWAY,2,7,60,69,to_malaysia,1.449656,103.770106,1.451009,103.7697
2026-10-09_02-23-56,2026-10-09_02-20-00,2702,214407,WOODLANDS CHECKPOINT SERVICE ROAD,4,1,0,9,to_malaysia,1.444872,103.767043,1.444887,103.767059
2026-10-09_02-23-56,2026-10-09_02-20-00,4713,214427,JALAN AHMAD IBRAHIM,4,2,10,19,to_singapore,1.346201,103.636276,1.345879,103.635905
2026-10-09_02-23-56,2026-10-09_02-20-00,2702,214434,WOODLANDS CENTRE ROAD,2,4,30,39,to_malaysia,1.441222,103.768768,1.441476,103.768872
2026-10-09_02-23-56,2026-10-09_02-20-00,2701,214458,WOODLANDS CAUSEWAY,2,6,50,59,to_malaysia,1.449612,103.770117,1.449656,103.770106
2026-10-09_02-23-56,2026-10-09_02-20-00,4713,214469,TUAS WEST DRIVE,3,7,60,69,to_singapore,1.344189,103.638406,1.34405,103.638348
2026-10-09_02-23-56,2026-10-09_02-20-00,4713,214509,TUAS WEST DRIVE,3,4,30,39,to_singapore,1.34405,103.638348,1.343077,103.637991
2026-10-09_02-23-56,2026-10-09_02-20-00,2701,214552,WOODLANDS CAUSEWAY,2,2,10,19,to_malaysia,1.454921,103.768541,1.453882,103.768858
2026-10-09_02-23-56,2026-10-09_02-20-00,2701,214578,WOODLANDS CAUSEWAY,2,7,60,69,to_singapore,1.451721,103.769519,1.450857,103.769784
2026-10-09_02-23-56,2026-10-09_02-20-00,2701,214612,WOODLANDS CAUSEWAY,2,3,20,29,to_malaysia,1.452586,103.769255,1.451721,103.769519
2026-10-09_02-23-56,2026-10-09_02-20-00,2701,214616,WOODLANDS CAUSEWAY,2,7,60,69,to_singapore,1.450857,103.769784,1.449355,103.770243
2026-10-09_02-23-56,2026-10-09_02-20-00,2701,214625,WOODLANDS CAUSEWAY,2,5,40,49,to_singapore,1.449355,103.770243,1.449183,103.770295
2026-10-09_02-23-56,2026-10-09_02-20-00,2702,214626,WOODLANDS CHECKPOINT SERVICE ROAD,4,2,10,19,to_singapore,1.444713,103.767518,1.444272,103.767477
2026-10-09_02-23-56,2026-10-09_02-20-00,2702,214627,WOODLANDS CHECKPOINT SERVICE ROAD,4,1,0,9,to_singapore,1.444469,103.768165,1.44395,103.767987
2026-10-09_02-23-56,2026-10-09_02-20-00,2702,214628,WOODLANDS CHECKPOINT SERVICE ROAD,4,1,0,9,to_singapore,1.444405,103.768335,1.442968,103.768232
2026-10-09_02-23-56,2026-10-09_02-20-00,2702,214629,WOODLANDS CHECKPOINT SERVICE ROAD,4,2,10,19,to_singapore,1.443621,103.76876,1.443474,103.768705
2026-10-09_02-23-56,2026-10-09_02-20-00,2702,214630,WOODLANDS CHECKPOINT SERVICE ROAD,4,1,0,9,to_singapore,1.443671,103.768636,1.443608,103.768608
2026-10-09_02-23-56,2026-10-09_02-20-00,2702,214631,WOODLANDS CHECKPOINT SERVICE ROAD,4,2,10,19,to_singapore,1.443598,103.768816,1.443474,103.768705
2026-10-09_02-23-56,2026-10-09_02-20-00,2702,214632,WOODLANDS CHECKPOINT SERVICE ROAD,2,3,20,29,to_singapore,1.443937,103.7698,1.443861,103.76977
2026-10-09_02-23-56,2026-10-09_02-20-00,2702,214633,WOODLANDS CHECKPOINT SERVICE ROAD,2,1,0,9,to_singapore,1.443669,103.770775,1.44265,103.770942
2026-10-09_02-23-56,2026-10-09_02-20-00,4713,215160,JALAN AHMAD IBRAHIM,4,1,0,9,to_singapore,1.346484,103.636188,1.346181,103.635931
2026-10-09_02-23-56,2026-10-09_02-20-00,2701,215161,WOODLANDS CAUSEWAY,2,8,70,999,to_malaysia,1.451009,103.7697,1.451096,103.769673
2026-10-09_02-23-56,2026-10-09_02-20-00,4703,215162,TUAS SECOND CROSSING,4,1,0,9,to_malaysia,1.349183,103.635422,1.349667,103.634588
2026-10-09_02-23-56,2026-10-09_02-20-00,2701,215163,WOODLANDS CAUSEWAY,2,2,10,19,to_malaysia,1.453882,103.768858,1.452586,103.769255
2026-10-09_02-23-56,2026-10-09_02-20-00,4703,215164,TUAS SECOND CROSSING,4,3,20,29,to_singapore,1.350516,103.633503,1.349626,103.63467
2026-10-09_02-23-56,2026-10-09_02-20-00,4703,215718,TUAS SECOND CROSSING,4,5,40,49,to_malaysia,1.349761,103.634465,1.349788,103.634429
2026-10-09_02-26-23,2026-10-09_02-25-00,4712,25066,AYER RAJAH EXPRESSWAY,1,8,70,999,to_malaysia,1.340131,103.645318,1.340983,103.644418
2026-10-09_02-26-23,2026-10-09_02-25-00,4712,25087,TUAS WEST ROAD,2,5,40,49,to_singapore,1.338327,103.645932,1.338629,103.646244
2026-10-09_02-26-23,2026-10-09_02-25-00,4712,25143,JALAN AHMAD IBRAHIM,2,3,20,29,to_malaysia,1.338879,103.646493,1.339037,103.64633
2026-10-09_02-26-23,2026-10-09_02-25-00,4712,25152,JALAN AHMAD IBRAHIM,2,7,60,69,to_malaysia,1.339037,103.64633,1.339862,103.645432
2026-10-09_02-26-23,2026-10-09_02-25-00,4712,25155,TUAS WEST ROAD,2,6,50,59,to_malaysia,1.337069,103.644786,1.337111,103.644812
2026-10-09_02-26-23,2026-10-09_02-25-00,4712,25163,AYER RAJAH EXPRESSWAY,1,8,70,999,to_malaysia,1.340983,103.644418,1.341567,103.643733
2026-10-09_02-26-23,2026-10-09_02-25-00,4712,25168,JALAN AHMAD IBRAHIM,2,4,30,39,to_malaysia,1.341102,103.644125,1.341567,103.643733
2026-10-09_02-26-23,2026-10-09_02-25-00,4712,25169,JALAN AHMAD IBRAHIM,2,7,60,69,to_malaysia,1.342935,103.642302,1.344066,103.640969
2026-10-09_02-26-23,2026-10-09_02-25-00,4712,25389,JALAN AHMAD IBRAHIM,2,3,20,29,to_malaysia,1.338611,103.646773,1.338827,103.646576
2026-10-09_02-26-23,2026-10-09_02-25-00,4712,25390,TUAS WEST ROAD,2,5,40,49,to_singapore,1.337021,103.644909,1.336986,103.644875
2026-10-09_02-26-23,2026-10-09_02-25-00,4712,25648,JALAN AHMAD IBRAHIM,2,5,40,49,to_malaysia,1.338207,103.647189,1.338611,103.646773
2026-10-09_02-26-23,2026-10-09_02-25-00,4712,25649,TUAS WEST ROAD,2,4,30,39,to_singapore,1.338629,103.646244,1.338879,103.646493
2026-10-09_02-26-23,2026-10-09_02-25-00,4712,26806,JALAN AHMAD IBRAHIM,2,3,20,29,to_malaysia,1.338827,103.646576,1.338879,103.646493
2026-10-09_02-26-23,2026-10-09_02-25-00,4712,26938,TUAS AVENUE 1,4,2,10,19,to_malaysia,1.336986,103.644875,1.337069,103.644786
2026-10-09_02-26-23,2026-10-09_02-25-00,4712,26939,TUAS AVENUE 1,4,3,20,29,to_singapore,1.337111,103.644812,1.337021,103.644909
2026-10-09_02-26-23,2026-10-09_02-25-00,4712,27767,AYER RAJAH EXPRESSWAY,1,8,70,999,to_malaysia,1.338692,103.646888,1.3392,103.64635
2026-10-09_02-26-23,2026-10-09_02-25-00,4712,28000,TUAS WEST ROAD,2,6,50,59,to_malaysia,1.338008,103.645632,1.338327,103.645932
2026-10-09_02-26-23,2026-10-09_02-25-00,4712,28053,TUAS WEST ROAD,2,5,40,49,to_singapore,1.337902,103.645735,1.337021,103.644909
2026-10-09_02-26-23,2026-10-09_02-25-00,4712,28274,JALAN AHMAD IBRAHIM,2,8,70,999,to_malaysia,1.339862,103.645432,1.340896,103.644325
2026-10-09_02-26-23,2026-10-09_02-25-00,4712,29298,TUAS AVENUE 1,4,4,30,39,to_singapore,1.337021,103.644909,1.336306,103.645652
2026-10-09_02-26-23,2026-10-09_02-25-00,4713,29624,TUAS WEST DRIVE,3,6,50,59,to_malaysia,1.344625,103.638594,1.345306,103.639191
2026-10-09_02-26-23,2026-10-09_02-25-00,4712,29625,AYER RAJAH EXPRESSWAY,1,8,70,999,to_malaysia,1.3392,103.64635,1.340131,103.645318
2026-10-09_02-26-23,2026-10-09_02-25-00,4713,29633,TUAS WEST DRIVE,3,6,50,59,to_malaysia,1.344181,103.638315,1.344539,103.638539
2026-10-09_02-26-23,2026-10-09_02-25-00,4713,29634,TUAS WEST DRIVE,3,8,70,999,to_singapore,1.344571,103.638647,1.3445,103.6386
2026-10-09_02-26-23,2026-10-09_02-25-00,4713,29635,TUAS WEST DRIVE,3,7,60,69,to_malaysia,1.344539,103.638539,1.344625,103.638594
2026-10-09_02-26-23,2026-10-09_02-25-00,4713,29646,JALAN AHMAD IBRAHIM,2,3,20,29,to_malaysia,1.345495,103.639371,1.345669,103.639204
2026-10-09_02-26-23,2026-10-09_02-25-00,4713,29647,JALAN AHMAD IBRAHIM,2,3,20,29,to_malaysia,1.345251,103.639638,1.345495,103.639371
2026-10-09_02-26-23,2026-10-09_02-25-00,4713,29648,TUAS WEST DRIVE,3,6,50,59,to_singapore,1.345495,103.639371,1.345277,103.63926
2026-10-09_02-26-23,2026-10-09_02-25-00,4713,29649,JALAN AHMAD IBRAHIM,6,3,20,29,to_malaysia,1.345251,103.639638,1.345277,103.63926
2026-10-09_02-26-23,2026-10-09_02-25-00,4713,29663,TUAS WEST DRIVE,3,8,70,999,to_singapore,1.3445,103.6386,1.344189,103.638406
2026-10-09_02-26-23,2026-10-09_02-25-00,4712,29665,JALAN AHMAD IBRAHIM,2,7,60,69,to_malaysia,1.344066,103.640969,1.344881,103.640043
2026-10-09_02-26-23,2026-10-09_02-25-00,4713,29687,TUAS WEST DRIVE,3,7,60,69,to_singapore,1.345277,103.63926,1.344571,103.638647
2026-10-09_02-26-23,2026-10-09_02-25-00,4713,29694,TUAS WEST DRIVE,3,2,10,19,to_singapore,1.344539,103.638539,1.3445,103.6386
2026-10-09_02-26-23,2026-10-09_02-25-00,4713,29695,TUAS WEST DRIVE,3,5,40,49,to_malaysia,1.344571,103.638647,1.344625,103.638594
2026-10-09_02-26-23,2026-10-09_02-25-00,4712,29963,JALAN AHMAD IBRAHIM,2,4,30,39,to_malaysia,1.340896,103.644325,1.341102,103.644125
2026-10-09_02-26-23,2026-10-09_02-25-00,4712,30029,TUAS WEST ROAD,2,6,50,59,to_malaysia,1.337111,103.644812,1.338008,103.645632
2026-10-09_02-26-23,2026-10-09_02-25-00,4712,30036,TUAS WEST ROAD,2,5,40,49,to_singapore,1.336986,103.644875,1.335866,103.643825
2026-10-09_02-26-23,2026-10-09_02-25-00,4712,30051,TUAS WEST ROAD,6,4,30,39,to_malaysia,1.338629,103.646244,1.339037,103.64633
2026-10-09_02-26-23,2026-10-09_02-25-00,4713,30057,JALAN AHMAD IBRAHIM,2,7,60,69,to_malaysia,1.344881,103.640043,1.345251,103.639638
2026-10-09_02-26-23,2026-10-09_02-25-00,4713,30103,TUAS WEST DRIVE,6,2,10,19,to_malaysia,1.345306,103.639191,1.345669,103.639204
2026-10-09_02-26-23,2026-10-09_02-25-00,4713,48285,AYER RAJAH EXPRESSWAY,1,8,70,999,to_singapore,1.345698,103.639574,1.345602,103.639674
2026-10-09_02-26-23,2026-10-09_02-25-00,4712,48287,AYER RAJAH EXPRESSWAY,1,8,70,999,to_singapore,1.341444,103.64413,1.340216,103.645414
2026-10-09_02-26-23,2026-10-09_02-25-00,4712,48297,AYER RAJAH EXPRESSWAY,1,8,70,999,to_singapore,1.341769,103.64384,1.341444,103.64413
2026-10-09_02-26-23,2026-10-09_02-25-00,4712,48305,AYER RAJAH EXPRESSWAY,1,8,70,999,to_singapore,1.342979,103.642543,1.342413,103.643138
2026-10-09_02-26-23,2026-10-09_02-25-00,4712,48320,JALAN AHMAD IBRAHIM,2,4,30,39,to_singapore,1.339094,103.646831,1.338344,103.647585
2026-10-09_02-26-23,2026-10-09_02-25-00,4712,48386,AYER RAJAH EXPRESSWAY,1,8,70,999,to_singapore,1.338785,103.646974,1.337824,103.647969
2026-10-09_02-26-23,2026-10-09_02-25-00,4712,48388,JALAN AHMAD IBRAHIM,2,5,40,49,to_singapore,1.340517,103.645282,1.339774,103.646115
2026-10-09_02-26-23,2026-10-09_02-25-00,4713,48437,AYER RAJAH EXPRESSWAY,1,8,70,999,to_singapore,1.346637,103.638587,1.345807,103.639458
2026-10-09_02-26-23,2026-10-09_02-25-00,4713,48447,AYER RAJAH EXPRESSWAY,1,7,60,69,to_singapore,1.347683,103.637488,1.346637,103.638587
2026-10-09_02-26-23,2026-10-09_02-25-00,4713,48469,AYER RAJAH EXPRESSWAY,1,7,60,69,to_malaysia,1.345712,103.639364,1.346544,103.638491
2026-10-09_02-26-23,2026-10-09_02-25-00,4713,48509,AYER RAJAH EXPRESSWAY,1,8,70,999,to_singapore,1.345602,103.639674,1.344725,103.640629
2026-10-09_02-26-23,2026-10-09_02-25-00,4713,48550,AYER RAJAH EXPRESSWAY,1,8,70,999,to_singapore,1.345807,103.639458,1.345698,103.639574
2026-10-09_02-26-23,2026-10-09_02-25-00,4713,48598,JALAN AHMAD IBRAHIM,2,3,20,29,to_singapore,1.347553,103.637175,1.347779,103.637388
2026-10-09_02-26-23,2026-10-09_02-25-00,4713,48684,AYER RAJAH EXPRESSWAY,1,8,70,999,to_malaysia,1.345603,103.639479,1.345712,103.639364
2026-10-09_02-26-23,2026-10-09_02-25-00,4713,48702,AYER RAJAH EXPRESSWAY,1,3,20,29,to_malaysia,1.347419,103.637368,1.347009,103.636239
2026-10-09_02-26-23,2026-10-09_02-25-00,4713,48711,AYER RAJAH EXPRESSWAY,1,7,60,69,to_malaysia,1.345504,103.639582,1.345603,103.639479
2026-10-09_02-26-23,2026-10-09_02-25-00,4712,48734,JALAN AHMAD IBRAHIM,2,8,70,999,to_singapore,1.341769,103.64384,1.341282,103.644467
2026-10-09_02-26-23,2026-10-09_02-25-00,4712,48748,JALAN AHMAD IBRAHIM,2,5,40,49,to_singapore,1.341282,103.644467,1.340517,103.645282
2026-10-09_02-26-23,2026-10-09_02-25-00,4712,48749,AYER RAJAH EXPRESSWAY,1,8,70,999,to_singapore,1.340216,103.645414,1.339286,103.646449
2026-10-09_02-26-23,2026-10-09_02-25-00,4712,48764,AYER RAJAH EXPRESSWAY,1,7,60,69,to_malaysia,1.342287,103.642995,1.342935,103.642302
2026-10-09_02-26-23,2026-10-09_02-25-00,4713,48796,AYER RAJAH EXPRESSWAY,1,3,20,29,to_singapore,1.34847,103.63724,1.348095,103.637253
2026-10-09_02-26-23,2026-10-09_02-25-00,4712,48799,AYER RAJAH EXPRESSWAY,1,8,70,999,to_malaysia,1.341567,103.643733,1.342287,103.642995
2026-10-09_02-26-23,2026-10-09_02-25-00,4712,48924,JALAN AHMAD IBRAHIM,2,5,40,49,to_singapore,1.339774,103.646115,1.339168,103.646754
2026-10-09_02-26-23,2026-10-09_02-25-00,4713,49041,AYER RAJAH EXPRESSWAY,1,5,40,49,to_malaysia,1.346544,103.638491,1.347419,103.637368
2026-10-09_02-26-23,2026-10-09_02-25-00,4712,49043,AYER RAJAH EXPRESSWAY,1,8,70,999,to_malaysia,1.342935,103.642302,1.343508,103.641756
2026-10-09_02-26-23,2026-10-09_02-25-00,4712,49054,AYER RAJAH EXPRESSWAY,1,8,70,999,to_singapore,1.342413,103.643138,1.341769,103.64384
2026-10-09_02-26-23,2026-10-09_02-25-00,4712,49104,AYER RAJAH EXPRESSWAY,1,8,70,999,to_singapore,1.343605,103.64186,1.342979,103.642543
2026-10-09_02-26-23,2026-10-09_02-25-00,4713,50480,JALAN AHMAD IBRAHIM,2,6,50,59,to_malaysia,1.345669,103.639204,1.346572,103.638282
2026-10-09_02-26-23,2026-10-09_02-25-00,4713,52346,JALAN AHMAD IBRAHIM,2,5,40,49,to_malaysia,1.346572,103.638282,1.347259,103.637339
2026-10-09_02-26-23,2026-10-09_02-25-00,4713,64158,JALAN AHMAD IBRAHIM,2,3,20,29,to_malaysia,1.347259,103.637339,1.347553,103.637175
2026-10-09_02-26-23,2026-10-09_02-25-00,4712,90750,AYER RAJAH EXPRESSWAY,1,8,70,999,to_singapore,1.339286,103.646449,1.338785,103.646974
2026-10-09_02-26-23,2026-10-09_02-25-00,2702,124791,BUKIT TIMAH EXPRESSWAY,2,4,30,39,to_malaysia,1.442556,103.767937,1.443798,103.767645
2026-10-09_02-26-23,2026-10-09_02-25-00,2702,124792,BUKIT TIMAH EXPRESSWAY,2,4,30,39,to_malaysia,1.441669,103.767966,1.442556,103.767937
2026-10-09_02-26-23,2026-10-09_02-25-00,2702,124793,BUKIT TIMAH EXPRESSWAY,2,5,40,49,to_malaysia,1.44048,103.768042,1.441669,103.767966
2026-10-09_02-26-23,2026-10-09_02-25-00,2702,124794,BUKIT TIMAH EXPRESSWAY,2,4,30,39,to_malaysia,1.440099,103.768178,1.44048,103.768042
2026-10-09_02-26-23,2026-10-09_02-25-00,2702,124796,BUKIT TIMAH EXPRESSWAY,2,1,0,9,to_malaysia,1.441076,103.76818,1.441716,103.768139
2026-10-09_02-26-23,2026-10-09_02-25-00,2702,124797,BUKIT TIMAH EXPRESSWAY,2,4,30,39,to_malaysia,1.440583,103.768202,1.441076,103.76818
2026-10-09_02-26-23,2026-10-09_02-25-00,2702,124800,BUKIT TIMAH EXPRESSWAY,2,3,20,29,to_malaysia,1.44044,103.768246,1.440583,103.768202
2026-10-09_02-26-23,2026-10-09_02-25-00,2702,124801,WOODLANDS ROAD,2,4,30,39,to_malaysia,1.440583,103.768202,1.440593,103.768333
2026-10-09_02-26-23,2026-10-09_02-25-00,2702,124803,WOODLANDS CENTRE ROAD,2,4,30,39,to_singapore,1.440593,103.768333,1.44044,103.768246
2026-10-09_02-26-23,2026-10-09_02-25-00,2702,124804,BUKIT TIMAH EXPRESSWAY,2,6,50,59,to_singapore,1.441622,103.768264,1.441086,103.768308
2026-10-09_02-26-23,2026-10-09_02-25-00,2702,124808,BUKIT TIMAH EXPRESSWAY,2,5,40,49,to_singapore,1.441086,103.768308,1.440593,103.768333
2026-10-09_02-26-23,2026-10-09_02-25-00,2702,124809,BUKIT TIMAH EXPRESSWAY,2,5,40,49,to_singapore,1.440593,103.768333,1.440473,103.768381
2026-10-09_02-26-23,2026-10-09_02-25-00,2702,124810,WOODLANDS ROAD,2,5,40,49,to_malaysia,1.440593,103.768333,1.440805,103.768547
2026-10-09_02-26-23,2026-10-09_02-25-00,2702,124813,WOODLANDS CENTRE ROAD,2,7,60,69,to_singapore,1.440473,103.768381,1.439932,103.768413
2026-10-09_02-26-23,2026-10-09_02-25-00,2702,124819,BUKIT TIMAH EXPRESSWAY,2,6,50,59,to_singapore,1.441759,103.768439,1.440624,103.768473
2026-10-09_02-26-23,2026-10-09_02-25-00,2702,124823,BUKIT TIMAH EXPRESSWAY,2,7,60,69,to_singapore,1.440624,103.768473,1.440144,103.768494
2026-10-09_02-26-23,2026-10-09_02-25-00,2702,124829,WOODLANDS ROAD,2,4,30,39,to_malaysia,1.440805,103.768547,1.441065,103.768705
2026-10-09_02-26-23,2026-10-09_02-25-00,2702,124837,WOODLANDS CENTRE ROAD,2,4,30,39,to_malaysia,1.441476,103.768872,1.441882,103.76902
2026-10-09_02-26-23,2026-10-09_02-25-00,2702,124838,WOODLANDS CENTRE ROAD,2,3,20,29,to_malaysia,1.441476,103.768872,1.441646,103.76906
2026-10-09_02-26-23,2026-10-09_02-25-00,2702,124839,WOODLANDS CENTRE ROAD,2,4,30,39,to_malaysia,1.441882,103.76902,1.442718,103.769357
2026-10-09_02-26-23,2026-10-09_02-25-00,2702,124841,WOODLANDS CENTRE ROAD,2,6,50,59,to_singapore,1.441868,103.769063,1.441676,103.769086
2026-10-09_02-26-23,2026-10-09_02-25-00,2702,124842,WOODLANDS CENTRE ROAD,2,4,30,39,to_singapore,1.442705,103.769406,1.441868,103.769063
2026-10-09_02-26-23,2026-10-09_02-25-00,2702,124850,WOODLANDS CENTRE ROAD,2,3,20,29,to_singapore,1.443132,103.769674,1.442705,103.769406
2026-10-09_02-26-23,2026-10-09_02-25-00,2702,124859,WOODLANDS CENTRE ROAD,2,3,20,29,to_singapore,1.443342,103.770245,1.443132,103.769674
2026-10-09_02-26-23,2026-10-09_02-25-00,2702,124872,WOODLANDS CENTRE ROAD,2,3,20,29,to_malaysia,1.442628,103.770892,1.443342,103.770245
2026-10-09_02-26-23,2026-10-09_02-25-00,2702,124873,WOODLANDS CENTRE ROAD,2,4,30,39,to_singapore,1.443392,103.770252,1.44265,103.770942
2026-10-09_02-26-23,2026-10-09_02-25-00,2702,124897,WOODLANDS CENTRE ROAD,2,5,40,49,to_singapore,1.44265,103.770942,1.442325,103.770966
2026-10-09_02-26-23,2026-10-09_02-25-00,2702,124907,WOODLANDS CENTRE ROAD,2,4,30,39,to_singapore,1.442325,103.770966,1.441694,103.770991
2026-10-09_02-26-23,2026-10-09_02-25-00,2701,124922,ADMIRALTY ROAD WEST,2,4,30,39,to_malaysia,1.447682,103.771025,1.44891,103.771646
2026-10-09_02-26-23,2026-10-09_02-25-00,2701,124944,ADMIRALTY ROAD WEST,2,4,30,39,to_singapore,1.448892,103.771662,1.447783,103.771118
2026-10-09_02-26-23,2026-10-09_02-25-00,2701,124958,ADMIRALTY ROAD WEST,2,3,20,29,to_singapore,1.44891,103.771646,1.449803,103.772734
2026-10-09_02-26-23,2026-10-09_02-25-00,2701,124959,ADMIRALTY ROAD WEST,2,5,40,49,to_malaysia,1.449778,103.772753,1.448892,103.771662
2026-10-09_02-26-23,2026-10-09_02-25-00,2701,125072,ADMIRALTY ROAD WEST,2,3,20,29,to_singapore,1.449803,103.772734,1.45049,103.774144
2026-10-09_02-26-23,2026-10-09_02-25-00,2702,143630,WOODLANDS ROAD,2,6,50,59,to_malaysia,1.440057,103.767654,1.440379,103.767996
2026-10-09_02-26-23,2026-10-09_02-25-00,2702,143634,WOODLANDS ROAD,2,6,50,59,to_singapore,1.440261,103.768069,1.440009,103.767819
2026-10-09_02-26-23,2026-10-09_02-25-00,2702,143636,WOODLANDS ROAD,2,4,30,39,to_malaysia,1.440379,103.767996,1.440583,103.768202
2026-10-09_02-26-23,2026-10-09_02-25-00,2702,143637,WOODLANDS ROAD,2,3,20,29,to_singapore,1.44044,103.768246,1.440261,103.768069
2026-10-09_02-26-23,2026-10-09_02-25-00,4713,161901,JALAN AHMAD IBRAHIM,2,6,50,59,to_singapore,1.347754,103.637566,1.347049,103.638304
2026-10-09_02-26-23,2026-10-09_02-25-00,4713,162846,JALAN AHMAD IBRAHIM,2,3,20,29,to_singapore,1.347779,103.637388,1.347754,103.637566
2026-10-09_02-26-23,2026-10-09_02-25-00,4713,162847,JALAN AHMAD IBRAHIM,2,7,60,69,to_singapore,1.347049,103.638304,1.346317,103.639079
2026-10-09_02-26-23,2026-10-09_02-25-00,4713,162848,JALAN AHMAD IBRAHIM,2,7,60,69,to_singapore,1.346317,103.639079,1.345927,103.639467
2026-10-09_02-26-23,2026-10-09_02-25-00,4712,162852,JALAN AHMAD IBRAHIM,2,8,70,999,to_singapore,1.343767,103.641845,1.342979,103.642543
2026-10-09_02-26-23,2026-10-09_02-25-00,4713,162853,JALAN AHMAD IBRAHIM,2,8,70,999,to_singapore,1.345927,103.639467,1.345833,103.63948
2026-10-09_02-26-23,2026-10-09_02-25-00,4713,162854,JALAN AHMAD IBRAHIM,2,4,30,39,to_singapore,1.345833,103.63948,1.34567,103.639431
2026-10-09_02-26-23,2026-10-09_02-25-00,4713,162855,JALAN AHMAD IBRAHIM,2,4,30,39,to_singapore,1.34567,103.639431,1.345495,103.639371
2026-10-09_02-26-23,2026-10-09_02-25-00,4713,162856,JALAN AHMAD IBRAHIM,2,7,60,69,to_malaysia,1.345251,103.639638,1.345618,103.639477
2026-10-09_02-26-23,2026-10-09_02-25-00,4713,162857,JALAN AHMAD IBRAHIM,2,3,20,29,to_malaysia,1.345618,103.639477,1.345733,103.639517
2026-10-09_02-26-23,2026-10-09_02-25-00,4712,163051,TUAS WEST ROAD,2,3,20,29,to_singapore,1.338879,103.646493,1.339168,103.646754
2026-10-09_02-26-23,2026-10-09_02-25-00,4712,163052,TUAS WEST ROAD,2,3,20,29,to_malaysia,1.339094,103.646831,1.338827,103.646576
2026-10-09_02-26-23,2026-10-09_02-25-00,4713,163824,JALAN AHMAD IBRAHIM,2,3,20,29,to_malaysia,1.347259,103.637339,1.347301,103.636953
2026-10-09_02-26-23,2026-10-09_02-25-00,4713,163825,JALAN AHMAD IBRAHIM,4,2,10,19,to_singapore,1.347301,103.636953,1.346201,103.636276
2026-10-09_02-26-23,2026-10-09_02-25-00,4713,163826,JALAN AHMAD IBRAHIM,4,1,0,9,to_malaysia,1.347301,103.636953,1.346952,103.636512
2026-10-09_02-26-23,2026-10-09_02-25-00,4713,163827,JALAN AHMAD IBRAHIM,4,2,10,19,to_singapore,1.348296,103.637206,1.348039,103.63732
2026-10-09_02-26-23,2026-10-09_02-25-00,4713,163828,JALAN AHMAD IBRAHIM,4,1,0,9,to_malaysia,1.346484,103.636188,1.347457,103.636552
2026-10-09_02-26-23,2026-10-09_02-25-00,4713,163841,JALAN AHMAD IBRAHIM,4,1,0,9,to_malaysia,1.347852,103.636538,1.348315,103.636714
2026-10-09_02-26-23,2026-10-09_02-25-00,4713,163843,JALAN AHMAD IBRAHIM,4,1,0,9,to_malaysia,1.348262,103.636854,1.348478,103.636935
2026-10-09_02-26-23,2026-10-09_02-25-00,4713,163845,JALAN AHMAD IBRAHIM,4,1,0,9,to_malaysia,1.348478,103.636935,1.348979,103.637122
2026-10-09_02-26-23,2026-10-09_02-25-00,4713,163846,JALAN AHMAD IBRAHIM,4,2,10,19,to_singapore,1.348478,103.636935,1.348296,103.637206
2026-10-09_02-26-23,2026-10-09_02-25-00,4713,163847,JALAN AHMAD IBRAHIM,4,1,0,9,to_singapore,1.34815,103.637029,1.348039,103.63732
2026-10-09_02-26-23,2026-10-09_02-25-00,4713,163848,JALAN AHMAD IBRAHIM,2,4,30,39,to_singapore,1.348039,103.63732,1.347754,103.637566
2026-10-09_02-26-23,2026-10-09_02-25-00,4713,163849,JALAN AHMAD IBRAHIM,4,3,20,29,to_singapore,1.348979,103.637122,1.348801,103.637224
2026-10-09_02-26-23,2026-10-09_02-25-00,4713,163850,JALAN AHMAD IBRAHIM,4,1,0,9,to_singapore,1.348315,103.636714,1.348262,103.636854
2026-10-09_02-26-23,2026-10-09_02-25-00,4713,163864,JALAN AHMAD IBRAHIM,4,3,20,29,to_malaysia,1.347301,103.636953,1.347457,103.636552
2026-10-09_02-26-23,2026-10-09_02-25-00,4713,163877,JALAN AHMAD IBRAHIM,4,2,10,19,to_singapore,1.348262,103.636854,1.34815,103.637029
2026-10-09_02-26-23,2026-10-09_02-25-00,4713,163878,JALAN AHMAD IBRAHIM,4,1,0,9,to_malaysia,1.34815,103.637029,1.347852,103.636538
2026-10-09_02-26-23,2026-10-09_02-25-00,4713,163886,JALAN AHMAD IBRAHIM,4,1,0,9,to_malaysia,1.347457,103.636552,1.347852,103.636538
2026-10-09_02-26-23,2026-10-09_02-25-00,4713,163896,AYER RAJAH EXPRESSWAY,1,4,30,39,to_malaysia,1.347419,103.637368,1.346889,103.636683
2026-10-09_02-26-23,2026-10-09_02-25-00,4713,163907,AYER RAJAH EXPRESSWAY,1,1,0,9,to_malaysia,1.346889,103.636683,1.346517,103.636056
2026-10-09_02-26-23,2026-10-09_02-25-00,4713,163910,AYER RAJAH EXPRESSWAY,1,3,20,29,to_malaysia,1.347419,103.637368,1.347683,103.637488
2026-10-09_02-26-23,2026-10-09_02-25-00,4713,163911,AYER RAJAH EXPRESSWAY,1,2,10,19,to_singapore,1.348655,103.636918,1.34847,103.63724
2026-10-09_02-26-23,2026-10-09_02-25-00,4713,163913,AYER RAJAH EXPRESSWAY,1,1,0,9,to_singapore,1.349139,103.6371,1.348973,103.637398
2026-10-09_02-26-23,2026-10-09_02-25-00,4713,163914,AYER RAJAH EXPRESSWAY,1,3,20,29,to_singapore,1.348973,103.637398,1.34847,103.63724
2026-10-09_02-26-23,2026-10-09_02-25-00,4713,163916,AYER RAJAH EXPRESSWAY,1,2,10,19,to_singapore,1.348095,103.637253,1.347389,103.636766
2026-10-09_02-26-23,2026-10-09_02-25-00,4713,163917,AYER RAJAH EXPRESSWAY,1,3,20,29,to_singapore,1.348095,103.637253,1.347683,103.637488
2026-10-09_02-26-23,2026-10-09_02-25-00,4713,163940,AYER RAJAH EXPRESSWAY,1,1,0,9,to_singapore,1.349139,103.6371,1.348655,103.636918
2026-10-09_02-26-23,2026-10-09_02-25-00,4713,163941,AYER RAJAH EXPRESSWAY,1,1,0,9,to_singapore,1.348655,103.636918,1.348327,103.636795
2026-10-09_02-26-23,2026-10-09_02-25-00,4713,163942,AYER RAJAH EXPRESSWAY,1,3,20,29,to_singapore,1.348327,103.636795,1.347721,103.63675
2026-10-09_02-26-23,2026-10-09_02-25-00,4713,164074,JALAN AHMAD IBRAHIM,4,1,0,9,to_malaysia,1.350951,103.637763,1.34988,103.637599
2026-10-09_02-26-23,2026-10-09_02-25-00,4713,164075,JALAN AHMAD IBRAHIM,4,3,20,29,to_singapore,1.349926,103.63748,1.34988,103.637599
2026-10-09_02-26-23,2026-10-09_02-25-00,4713,164076,JALAN AHMAD IBRAHIM,4,1,0,9,to_singapore,1.348979,103.637122,1.349584,103.637351
2026-10-09_02-26-23,2026-10-09_02-25-00,4713,164077,JALAN AHMAD IBRAHIM,4,1,0,9,to_malaysia,1.350178,103.637575,1.350212,103.637484
2026-10-09_02-26-23,2026-10-09_02-25-00,4713,164081,JALAN AHMAD IBRAHIM,4,1,0,9,to_malaysia,1.350752,103.637688,1.350212,103.637484
2026-10-09_02-26-23,2026-10-09_02-25-00,4713,164083,JALAN AHMAD IBRAHIM,4,1,0,9,to_malaysia,1.350951,103.637763,1.350752,103.637688
2026-10-09_02-26-23,2026-10-09_02-25-00,4713,164084,JALAN AHMAD IBRAHIM,4,2,10,19,to_singapore,1.349968,103.637392,1.349926,103.63748
2026-10-09_02-26-23,2026-10-09_02-25-00,4713,164085,JALAN AHMAD IBRAHIM,4,1,0,9,to_malaysia,1.350752,103.637688,1.350178,103.637575
2026-10-09_02-26-23,2026-10-09_02-25-00,4713,164089,JALAN AHMAD IBRAHIM,4,3,20,29,to_malaysia,1.349808,103.637575,1.34951,103.637471
2026-10-09_02-26-23,2026-10-09_02-25-00,4713,164096,JALAN AHMAD IBRAHIM,4,1,0,9,to_malaysia,1.350178,103.637575,1.349926,103.63748
2026-10-09_02-26-23,2026-10-09_02-25-00,4713,164099,JALAN AHMAD IBRAHIM,4,1,0,9,to_malaysia,1.349968,103.637392,1.34962,103.637259
2026-10-09_02-26-23,2026-10-09_02-25-00,4713,164100,JALAN AHMAD IBRAHIM,4,4,30,39,to_singapore,1.348801,103.637224,1.348296,103.637206
2026-10-09_02-26-23,2026-10-09_02-25-00,4713,164102,JALAN AHMAD IBRAHIM,4,2,10,19,to_singapore,1.34962,103.637259,1.349584,103.637351
2026-10-09_02-26-23,2026-10-09_02-25-00,4713,164103,JALAN AHMAD IBRAHIM,4,2,10,19,to_singapore,1.349584,103.637351,1.349854,103.637453
2026-10-09_02-26-23,2026-10-09_02-25-00,4713,164104,JALAN AHMAD IBRAHIM,4,3,20,29,to_singapore,1.349584,103.637351,1.34951,103.637471
2026-10-09_02-26-23,2026-10-09_02-25-00,4713,164105,JALAN AHMAD IBRAHIM,4,4,30,39,to_malaysia,1.34951,103.637471,1.348801,103.637224
2026-10-09_02-26-23,2026-10-09_02-25-00,4713,164115,AYER RAJAH EXPRESSWAY,1,2,10,19,to_malaysia,1.349626,103.637285,1.349139,103.6371
2026-10-09_02-26-23,2026-10-09_02-25-00,4713,164116,AYER RAJAH EXPRESSWAY,1,3,20,29,to_singapore,1.349626,103.637285,1.348973,103.637398
2026-10-09_02-26-23,2026-10-09_02-25-00,4713,164134,JALAN AHMAD IBRAHIM,4,1,0,9,to_malaysia,1.350212,103.637484,1.349968,103.637392
2026-10-09_02-26-23,2026-10-09_02-25-00,4713,164135,JALAN AHMAD IBRAHIM,4,3,20,29,to_singapore,1.346952,103.636512,1.346484,103.636188
2026-10-09_02-26-23,2026-10-09_02-25-00,4713,164137,JALAN AHMAD IBRAHIM,4,2,10,19,to_malaysia,1.349808,103.637575,1.349854,103.637453
2026-10-09_02-26-23,2026-10-09_02-25-00,4713,164138,JALAN AHMAD IBRAHIM,4,1,0,9,to_malaysia,1.349854,103.637453,1.349968,103.637392
2026-10-09_02-26-23,2026-10-09_02-25-00,4713,164139,JALAN AHMAD IBRAHIM,4,3,20,29,to_singapore,1.349854,103.637453,1.349926,103.63748
2026-10-09_02-26-23,2026-10-09_02-25-00,4713,164140,JALAN AHMAD IBRAHIM,4,1,0,9,to_malaysia,1.34988,103.637599,1.349808,103.637575
2026-10-09_02-26-23,2026-10-09_02-25-00,4713,164141,AYER RAJAH EXPRESSWAY,1,1,0,9,to_malaysia,1.347389,103.636766,1.34748,103.636422
2026-10-09_02-26-23,2026-10-09_02-25-00,4712,166434,JALAN AHMAD IBRAHIM,2,2,10,19,to_singapore,1.339168,103.646754,1.339094,103.646831
2026-10-09_02-26-23,2026-10-09_02-25-00,2702,169200,WOODLANDS CHECKPOINT SERVICE ROAD,4,1,0,9,to_malaysia,1.444222,103.767449,1.444872,103.767043
2026-10-09_02-26-23,2026-10-09_02-25-00,2702,169202,WOODLANDS CHECKPOINT SERVICE ROAD,4,1,0,9,to_malaysia,1.444222,103.767449,1.444725,103.767352
2026-10-09_02-26-23,2026-10-09_02-25-00,2702,169216,BUKIT TIMAH EXPRESSWAY,2,5,40,49,to_singapore,1.442772,103.768203,1.441622,103.768264
2026-10-09_02-26-23,2026-10-09_02-25-00,2702,169280,WOODLANDS CHECKPOINT SERVICE ROAD,4,2,10,19,to_singapore,1.443474,103.768705,1.443058,103.76839
2026-10-09_02-26-23,2026-10-09_02-25-00,2702,169282,WOODLANDS CHECKPOINT SERVICE ROAD,4,5,40,49,to_singapore,1.442914,103.768269,1.441622,103.768264
2026-10-09_02-26-23,2026-10-09_02-25-00,2702,169285,BUKIT TIMAH EXPRESSWAY,2,5,40,49,to_singapore,1.443058,103.76839,1.441759,103.768439
2026-10-09_02-26-23,2026-10-09_02-25-00,2702,169286,WOODLANDS CHECKPOINT SERVICE ROAD,4,2,10,19,to_singapore,1.44395,103.767987,1.442772,103.768203
2026-10-09_02-26-23,2026-10-09_02-25-00,2702,169298,WOODLANDS CHECKPOINT SERVICE ROAD,4,1,0,9,to_singapore,1.443608,103.768608,1.442914,103.768269
2026-10-09_02-26-23,2026-10-09_02-25-00,2702,169299,WOODLANDS CHECKPOINT SERVICE ROAD,4,2,10,19,to_singapore,1.443608,103.768608,1.442914,103.768269
2026-10-09_02-26-23,2026-10-09_02-25-00,2702,169322,WOODLANDS CHECKPOINT SERVICE ROAD,4,1,0,9,to_malaysia,1.441716,103.768139,1.442721,103.768076
2026-10-09_02-26-23,2026-10-09_02-25-00,2702,169429,WOODLANDS CHECKPOINT SERVICE ROAD,4,3,20,29,to_singapore,1.442968,103.768232,1.441622,103.768264
2026-10-09_02-26-23,2026-10-09_02-25-00,2702,169430,WOODLANDS CHECKPOINT SERVICE ROAD,4,2,10,19,to_singapore,1.444272,103.767477,1.443049,103.767986
2026-10-09_02-26-23,2026-10-09_02-25-00,2702,169454,WOODLANDS CHECKPOINT SERVICE ROAD,4,1,0,9,to_malaysia,1.443077,103.767925,1.444222,103.767449
2026-10-09_02-26-23,2026-10-09_02-25-00,2702,169455,WOODLANDS CHECKPOINT SERVICE ROAD,4,1,0,9,to_malaysia,1.442721,103.768076,1.443077,103.767925
2026-10-09_02-26-23,2026-10-09_02-25-00,2702,169456,WOODLANDS CHECKPOINT SERVICE ROAD,2,2,10,19,to_malaysia,1.442556,103.767937,1.443077,103.767925
2026-10-09_02-26-23,2026-10-09_02-25-00,2702,170145,WOODLANDS CENTRE ROAD,2,3,20,29,to_malaysia,1.443245,103.769716,1.443392,103.770252
2026-10-09_02-26-23,2026-10-09_02-25-00,2702,171873,MARSILING LANE,2,4,30,39,to_malaysia,1.446335,103.771377,1.44635,103.771396
2026-10-09_02-26-23,2026-10-09_02-25-00,2702,171874,MARSILING LANE,2,3,20,29,to_singapore,1.44635,103.771396,1.446335,103.771377
2026-10-09_02-26-23,2026-10-09_02-25-00,2702,171876,MARSILING LANE,2,3,20,29,to_malaysia,1.446335,103.771377,1.446484,103.771237
2026-10-09_02-26-23,2026-10-09_02-25-00,2702,171877,MARSILING LANE,2,3,20,29,to_singapore,1.44635,103.771396,1.44608,103.771716
2026-10-09_02-26-23,2026-10-09_02-25-00,4712,175294,AYER RAJAH EXPRESSWAY,1,8,70,999,to_malaysia,1.343508,103.641756,1.344361,103.640828
2026-10-09_02-26-23,2026-10-09_02-25-00,4712,175914,AYER RAJAH EXPRESSWAY,1,8,70,999,to_malaysia,1.344361,103.640828,1.345504,103.639582
2026-10-09_02-26-23,2026-10-09_02-25-00,2702,177375,WOODLANDS CENTRE ROAD,2,4,30,39,to_malaysia,1.442718,103.769357,1.44312,103.769597
2026-10-09_02-26-23,2026-10-09_02-25-00,2702,177376,WOODLANDS CHECKPOINT SERVICE ROAD,2,1,0,9,to_malaysia,1.44312,103.769597,1.443671,103.769657
2026-10-09_02-26-23,2026-10-09_02-25-00,2702,177381,MARSILING LANE,2,4,30,39,to_malaysia,1.446484,103.771237,1.447452,103.771548
2026-10-09_02-26-23,2026-10-09_02-25-00,2701,177382,MARSILING LANE,2,4,30,39,to_singapore,1.447783,103.771118,1.447467,103.771581
2026-10-09_02-26-23,2026-10-09_02-25-00,2702,177383,MARSILING LANE,2,4,30,39,to_singapore,1.446504,103.771264,1.44635,103.771396
2026-10-09_02-26-23,2026-10-09_02-25-00,2702,177405,BUKIT TIMAH EXPRESSWAY,2,1,0,9,to_malaysia,1.441716,103.768139,1.442947,103.768097
2026-10-09_02-26-23,2026-10-09_02-25-00,4713,177717,JALAN AHMAD IBRAHIM,2,3,20,29,to_malaysia,1.345733,103.639517,1.345843,103.639571
2026-10-09_02-26-23,2026-10-09_02-25-00,4713,177744,JALAN AHMAD IBRAHIM,2,8,70,999,to_singapore,1.345927,103.639467,1.345843,103.639571
2026-10-09_02-26-23,2026-10-09_02-25-00,2702,177802,WOODLANDS CHECKPOINT SERVICE ROAD,2,3,20,29,to_malaysia,1.442947,103.768097,1.444136,103.767749
2026-10-09_02-26-23,2026-10-09_02-25-00,2702,177803,WOODLANDS CHECKPOINT SERVICE ROAD,2,3,20,29,to_malaysia,1.442947,103.768097,1.444143,103.767676
2026-10-09_02-26-23,2026-10-09_02-25-00,2702,177848,WOODLANDS CHECKPOINT SERVICE ROAD,4,1,0,9,to_singapore,1.443049,103.767986,1.442947,103.768097
2026-10-09_02-26-23,2026-10-09_02-25-00,2702,178404,WOODLANDS CHECKPOINT SERVICE ROAD,2,2,10,19,to_singapore,1.443861,103.76977,1.443634,103.769743
2026-10-09_02-26-23,2026-10-09_02-25-00,2702,178915,WOODLANDS CENTRE ROAD,2,3,20,29,to_malaysia,1.44312,103.769597,1.443245,103.769716
2026-10-09_02-26-23,2026-10-09_02-25-00,4713,179173,JALAN AHMAD IBRAHIM,2,8,70,999,to_singapore,1.345843,103.639571,1.344631,103.640896
2026-10-09_02-26-23,2026-10-09_02-25-00,2702,179538,WOODLANDS CHECKPOINT SERVICE ROAD,2,1,0,9,to_malaysia,1.443671,103.769657,1.443861,103.76977
2026-10-09_02-26-23,2026-10-09_02-25-00,2702,179539,WOODLANDS CHECKPOINT SERVICE ROAD,2,2,10,19,to_singapore,1.443634,103.769743,1.443245,103.769716
2026-10-09_02-26-23,2026-10-09_02-25-00,2702,179540,WOODLANDS CHECKPOINT SERVICE ROAD,2,2,10,19,to_singapore,1.443671,103.769657,1.443634,103.769743
2026-10-09_02-26-23,2026-10-09_02-25-00,4712,189157,TUAS WEST ROAD,2,3,20,29,to_malaysia,1.338827,103.646576,1.338636,103.646398
2026-10-09_02-26-23,2026-10-09_02-25-00,4712,195136,JALAN AHMAD IBRAHIM,6,3,20,29,to_malaysia,1.338642,103.64656,1.338636,103.646398
2026-10-09_02-26-23,2026-10-09_02-25-00,4712,195137,JALAN AHMAD IBRAHIM,6,5,40,49,to_malaysia,1.338642,103.64656,1.338479,103.646271
2026-10-09_02-26-23,2026-10-09_02-25-00,4712,195138,TUAS WEST ROAD,2,3,20,29,to_singapore,1.338636,103.646398,1.338479,103.646271
2026-10-09_02-26-23,2026-10-09_02-25-00,4712,195674,TUAS WEST ROAD,2,4,30,39,to_singapore,1.338479,103.646271,1.337902,103.645735
2026-10-09_02-26-23,2026-10-09_02-25-00,4712,195775,JALAN AHMAD IBRAHIM,6,3,20,29,to_malaysia,1.338611,103.646773,1.338642,103.64656
2026-10-09_02-26-23,2026-10-09_02-25-00,2702,206237,CAUSEWAY,4,1,0,9,to_malaysia,1.444504,103.767372,1.444525,103.767411
2026-10-09_02-26-23,2026-10-09_02-25-00,2702,206783,WOODLANDS CHECKPOINT SERVICE ROAD,4,1,0,9,to_malaysia,1.444222,103.767449,1.444504,103.767372
2026-10-09_02-26-23,2026-10-09_02-25-00,2701,211395,WOODLANDS CHECKPOINT SERVICE ROAD,4,5,40,49,to_malaysia,1.448722,103.769901,1.449612,103.770117
2026-10-09_02-26-23,2026-10-09_02-25-00,4703,211436,TUAS SECOND CROSSING,4,6,50,59,to_singapore,1.350474,103.633506,1.350501,103.63347
2026-10-09_02-26-23,2026-10-09_02-25-00,4703,211495,TUAS SECOND CROSSING,4,0,,,to_malaysia,1.350707,103.633249,1.350543,103.633466
2026-10-09_02-26-23,2026-10-09_02-25-00,4703,212074,TUAS SECOND CROSSING,4,4,30,39,to_singapore,1.349788,103.634429,1.350474,103.633506
2026-10-09_02-26-23,2026-10-09_02-25-00,4703,212076,TUAS SECOND CROSSING,4,0,,,to_malaysia,1.352164,103.631302,1.351516,103.632166
2026-10-09_02-26-23,2026-10-09_02-25-00,4703,212168,TUAS SECOND CROSSING,4,1,0,9,to_malaysia,1.349906,103.634959,1.349761,103.634465
2026-10-09_02-26-23,2026-10-09_02-25-00,4703,212170,TUAS SECOND CROSSING,4,1,0,9,to_malaysia,1.350673,103.635352,1.349906,103.634959
2026-10-09_02-26-23,2026-10-09_02-25-00,4703,212331,TUAS SECOND CROSSING,4,0,,,to_malaysia,1.351516,103.632166,1.350707,103.633249
2026-10-09_02-26-23,2026-10-09_02-25-00,2702,213549,WOODLANDS CHECKPOINT SERVICE ROAD,4,1,0,9,to_malaysia,1.444725,103.767352,1.444776,103.767351
2026-10-09_02-26-23,2026-10-09_02-25-00,4703,214360,TUAS SECOND CROSSING,4,2,10,19,to_malaysia,1.348329,103.63446,1.349667,103.634588
2026-10-09_02-26-23,2026-10-09_02-25-00,4703,214361,TUAS SECOND CROSSING,4,5,40,49,to_malaysia,1.349667,103.634588,1.349761,103.634465
2026-10-09_02-26-23,2026-10-09_02-25-00,4703,214363,TUAS SECOND CROSSING,4,1,0,9,to_malaysia,1.349667,103.635596,1.349906,103.634959
2026-10-09_02-26-23,2026-10-09_02-25-00,2702,214374,WOODLANDS CHECKPOINT SERVICE ROAD,4,2,10,19,to_malaysia,1.444222,103.767449,1.444906,103.767009
2026-10-09_02-26-23,2026-10-09_02-25-00,2702,214375,WOODLANDS CHECKPOINT SERVICE ROAD,4,1,0,9,to_malaysia,1.444872,103.767043,1.444891,103.767047
2026-10-09_02-26-23,2026-10-09_02-25-00,2702,214377,WOODLANDS CHECKPOINT SERVICE ROAD,4,1,0,9,to_malaysia,1.444725,103.767352,1.444769,103.76737
2026-10-09_02-26-23,2026-10-09_02-25-00,2702,214380,WOODLANDS CHECKPOINT SERVICE ROAD,2,3,20,29,to_malaysia,1.443798,103.767645,1.444922,103.766966
2026-10-09_02-26-23,2026-10-09_02-25-00,2702,214381,WOODLANDS CHECKPOINT SERVICE ROAD,4,1,0,9,to_malaysia,1.444525,103.767411,1.444725,103.767487
2026-10-09_02-26-23,2026-10-09_02-25-00,2702,214382,WOODLANDS CHECKPOINT SERVICE ROAD,4,1,0,9,to_malaysia,1.444504,103.767372,1.444748,103.767425
2026-10-09_02-26-23,2026-10-09_02-25-00,2702,214383,WOODLANDS CHECKPOINT SERVICE ROAD,4,1,0,9,to_malaysia,1.444143,103.767676,1.444633,103.767729
2026-10-09_02-26-23,2026-10-09_02-25-00,2702,214384,WOODLANDS CHECKPOINT SERVICE ROAD,4,2,10,19,to_malaysia,1.444136,103.767749,1.444563,103.767915
2026-10-09_02-26-23,2026-10-09_02-25-00,4703,214385,TUAS SECOND CROSSING,4,0,,,to_malaysia,1.350543,103.633466,1.350516,103.633503
2026-10-09_02-26-23,2026-10-09_02-25-00,2702,214386,WOODLANDS CHECKPOINT SERVICE ROAD,4,2,10,19,to_malaysia,1.444136,103.767749,1.444584,103.767859
2026-10-09_02-26-23,2026-10-09_02-25-00,2702,214389,WOODLANDS CHECKPOINT SERVICE ROAD,2,1,0,9,to_malaysia,1.443861,103.76977,1.443937,103.7698
2026-10-09_02-26-23,2026-10-09_02-25-00,2702,214396,WOODLANDS CENTRE ROAD,2,4,30,39,to_malaysia,1.441065,103.768705,1.441222,103.768768
2026-10-09_02-26-23,2026-10-09_02-25-00,4703,214397,TUAS SECOND CROSSING,4,3,20,29,to_singapore,1.349626,103.63467,1.349591,103.634704
2026-10-09_02-26-23,2026-10-09_02-25-00,2701,214401,WOODLANDS CHECKPOINT SERVICE ROAD,2,3,20,29,to_malaysia,1.448586,103.770362,1.449612,103.770117
2026-10-09_02-26-23,2026-10-09_02-25-00,2701,214404,WOODLANDS CAUSEWAY,2,7,60,69,to_malaysia,1.449656,103.770106,1.451009,103.7697
2026-10-09_02-26-23,2026-10-09_02-25-00,2702,214407,WOODLANDS CHECKPOINT SERVICE ROAD,4,1,0,9,to_malaysia,1.444872,103.767043,1.444887,103.767059
2026-10-09_02-26-23,2026-10-09_02-25-00,4713,214427,JALAN AHMAD IBRAHIM,4,2,10,19,to_singapore,1.346201,103.636276,1.345879,103.635905
2026-10-09_02-26-23,2026-10-09_02-25-00,2702,214434,WOODLANDS CENTRE ROAD,2,4,30,39,to_malaysia,1.441222,103.768768,1.441476,103.768872
2026-10-09_02-26-23,2026-10-09_02-25-00,2701,214458,WOODLANDS CAUSEWAY,2,6,50,59,to_malaysia,1.449612,103.770117,1.449656,103.770106
2026-10-09_02-26-23,2026-10-09_02-25-00,4713,214469,TUAS WEST DRIVE,3,7,60,69,to_singapore,1.344189,103.638406,1.34405,103.638348
2026-10-09_02-26-23,2026-10-09_02-25-00,4713,214509,TUAS WEST DRIVE,3,4,30,39,to_singapore,1.34405,103.638348,1.343077,103.637991
2026-10-09_02-26-23,2026-10-09_02-25-00,2701,214552,WOODLANDS CAUSEWAY,2,2,10,19,to_malaysia,1.454921,103.768541,1.453882,103.768858
2026-10-09_02-26-23,2026-10-09_02-25-00,2701,214578,WOODLANDS CAUSEWAY,2,7,60,69,to_singapore,1.451721,103.769519,1.450857,103.769784
2026-10-09_02-26-23,2026-10-09_02-25-00,2701,214612,WOODLANDS CAUSEWAY,2,3,20,29,to_malaysia,1.452586,103.769255,1.451721,103.769519
2026-10-09_02-26-23,2026-10-09_02-25-00,2701,214616,WOODLANDS CAUSEWAY,2,7,60,69,to_singapore,1.450857,103.769784,1.449355,103.770243
2026-10-09_02-26-23,2026-10-09_02-25-00,2701,214625,WOODLANDS CAUSEWAY,2,5,40,49,to_singapore,1.449355,103.770243,1.449183,103.770295
2026-10-09_02-26-23,2026-10-09_02-25-00,2702,214626,WOODLANDS CHECKPOINT SERVICE ROAD,4,2,10,19,to_singapore,1.444713,103.767518,1.444272,103.767477
2026-10-09_02-26-23,2026-10-09_02-25-00,2702,214627,WOODLANDS CHECKPOINT SERVICE ROAD,4,1,0,9,to_singapore,1.444469,103.768165,1.44395,103.767987
2026-10-09_02-26-23,2026-10-09_02-25-00,2702,214628,WOODLANDS CHECKPOINT SERVICE ROAD,4,1,0,9,to_singapore,1.444405,103.768335,1.442968,103.768232
2026-10-09_02-26-23,2026-10-09_02-25-00,2702,214629,WOODLANDS CHECKPOINT SERVICE ROAD,4,2,10,19,to_singapore,1.443621,103.76876,1.443474,103.768705
2026-10-09_02-26-23,2026-10-09_02-25-00,2702,214630,WOODLANDS CHECKPOINT SERVICE ROAD,4,1,0,9,to_singapore,1.443671,103.768636,1.443608,103.768608
2026-10-09_02-26-23,2026-10-09_02-25-00,2702,214631,WOODLANDS CHECKPOINT SERVICE ROAD,4,2,10,19,to_singapore,1.443598,103.768816,1.443474,103.768705
2026-10-09_02-26-23,2026-10-09_02-25-00,2702,214632,WOODLANDS CHECKPOINT SERVICE ROAD,2,3,20,29,to_singapore,1.443937,103.7698,1.443861,103.76977
2026-10-09_02-26-23,2026-10-09_02-25-00,2702,214633,WOODLANDS CHECKPOINT SERVICE ROAD,2,1,0,9,to_singapore,1.443669,103.770775,1.44265,103.770942
2026-10-09_02-26-23,2026-10-09_02-25-00,4713,215160,JALAN AHMAD IBRAHIM,4,1,0,9,to_singapore,1.346484,103.636188,1.346181,103.635931
2026-10-09_02-26-23,2026-10-09_02-25-00,2701,215161,WOODLANDS CAUSEWAY,2,7,60,69,to_malaysia,1.451009,103.7697,1.451096,103.769673
2026-10-09_02-26-23,2026-10-09_02-25-00,4703,215162,TUAS SECOND CROSSING,4,1,0,9,to_malaysia,1.349183,103.635422,1.349667,103.634588
2026-10-09_02-26-23,2026-10-09_02-25-00,2701,215163,WOODLANDS CAUSEWAY,2,2,10,19,to_malaysia,1.453882,103.768858,1.452586,103.769255
2026-10-09_02-26-23,2026-10-09_02-25-00,4703,215164,TUAS SECOND CROSSING,4,4,30,39,to_singapore,1.350516,103.633503,1.349626,103.63467
2026-10-09_02-26-23,2026-10-09_02-25-00,4703,215718,TUAS SECOND CROSSING,4,5,40,49,to_malaysia,1.349761,103.634465,1.349788,103.634429
2026-10-09_02-28-42,2026-10-09_02-25-00,4712,25066,AYER RAJAH EXPRESSWAY,1,8,70,999,to_malaysia,1.340131,103.645318,1.340983,103.644418
2026-10-09_02-28-42,2026-10-09_02-25-00,4712,25087,TUAS WEST ROAD,2,5,40,49,to_singapore,1.338327,103.645932,1.338629,103.646244
2026-10-09_02-28-42,2026-10-09_02-25-00,4712,25143,JALAN AHMAD IBRAHIM,2,3,20,29,to_malaysia,1.338879,103.646493,1.339037,103.64633
2026-10-09_02-28-42,2026-10-09_02-25-00,4712,25152,JALAN AHMAD IBRAHIM,2,7,60,69,to_malaysia,1.339037,103.64633,1.339862,103.645432
2026-10-09_02-28-42,2026-10-09_02-25-00,4712,25155,TUAS WEST ROAD,2,6,50,59,to_malaysia,1.337069,103.644786,1.337111,103.644812
2026-10-09_02-28-42,2026-10-09_02-25-00,4712,25163,AYER RAJAH EXPRESSWAY,1,8,70,999,to_malaysia,1.340983,103.644418,1.341567,103.643733
2026-10-09_02-28-42,2026-10-09_02-25-00,4712,25168,JALAN AHMAD IBRAHIM,2,4,30,39,to_malaysia,1.341102,103.644125,1.341567,103.643733
2026-10-09_02-28-42,2026-10-09_02-25-00,4712,25169,JALAN AHMAD IBRAHIM,2,7,60,69,to_malaysia,1.342935,103.642302,1.344066,103.640969
2026-10-09_02-28-42,2026-10-09_02-25-00,4712,25389,JALAN AHMAD IBRAHIM,2,3,20,29,to_malaysia,1.338611,103.646773,1.338827,103.646576
2026-10-09_02-28-42,2026-10-09_02-25-00,4712,25390,TUAS WEST ROAD,2,5,40,49,to_singapore,1.337021,103.644909,1.336986,103.644875
2026-10-09_02-28-42,2026-10-09_02-25-00,4712,25648,JALAN AHMAD IBRAHIM,2,5,40,49,to_malaysia,1.338207,103.647189,1.338611,103.646773
2026-10-09_02-28-42,2026-10-09_02-25-00,4712,25649,TUAS WEST ROAD,2,4,30,39,to_singapore,1.338629,103.646244,1.338879,103.646493
2026-10-09_02-28-42,2026-10-09_02-25-00,4712,26806,JALAN AHMAD IBRAHIM,2,3,20,29,to_malaysia,1.338827,103.646576,1.338879,103.646493
2026-10-09_02-28-42,2026-10-09_02-25-00,4712,26938,TUAS AVENUE 1,4,2,10,19,to_malaysia,1.336986,103.644875,1.337069,103.644786
2026-10-09_02-28-42,2026-10-09_02-25-00,4712,26939,TUAS AVENUE 1,4,3,20,29,to_singapore,1.337111,103.644812,1.337021,103.644909
2026-10-09_02-28-42,2026-10-09_02-25-00,4712,27767,AYER RAJAH EXPRESSWAY,1,8,70,999,to_malaysia,1.338692,103.646888,1.3392,103.64635
2026-10-09_02-28-42,2026-10-09_02-25-00,4712,28000,TUAS WEST ROAD,2,6,50,59,to_malaysia,1.338008,103.645632,1.338327,103.645932
2026-10-09_02-28-42,2026-10-09_02-25-00,4712,28053,TUAS WEST ROAD,2,5,40,49,to_singapore,1.337902,103.645735,1.337021,103.644909
2026-10-09_02-28-42,2026-10-09_02-25-00,4712,28274,JALAN AHMAD IBRAHIM,2,8,70,999,to_malaysia,1.339862,103.645432,1.340896,103.644325
2026-10-09_02-28-42,2026-10-09_02-25-00,4712,29298,TUAS AVENUE 1,4,4,30,39,to_singapore,1.337021,103.644909,1.336306,103.645652
2026-10-09_02-28-42,2026-10-09_02-25-00,4713,29624,TUAS WEST DRIVE,3,6,50,59,to_malaysia,1.344625,103.638594,1.345306,103.639191
2026-10-09_02-28-42,2026-10-09_02-25-00,4712,29625,AYER RAJAH EXPRESSWAY,1,8,70,999,to_malaysia,1.3392,103.64635,1.340131,103.645318
2026-10-09_02-28-42,2026-10-09_02-25-00,4713,29633,TUAS WEST DRIVE,3,6,50,59,to_malaysia,1.344181,103.638315,1.344539,103.638539
2026-10-09_02-28-42,2026-10-09_02-25-00,4713,29634,TUAS WEST DRIVE,3,8,70,999,to_singapore,1.344571,103.638647,1.3445,103.6386
2026-10-09_02-28-42,2026-10-09_02-25-00,4713,29635,TUAS WEST DRIVE,3,7,60,69,to_malaysia,1.344539,103.638539,1.344625,103.638594
2026-10-09_02-28-42,2026-10-09_02-25-00,4713,29646,JALAN AHMAD IBRAHIM,2,3,20,29,to_malaysia,1.345495,103.639371,1.345669,103.639204
2026-10-09_02-28-42,2026-10-09_02-25-00,4713,29647,JALAN AHMAD IBRAHIM,2,3,20,29,to_malaysia,1.345251,103.639638,1.345495,103.639371
2026-10-09_02-28-42,2026-10-09_02-25-00,4713,29648,TUAS WEST DRIVE,3,6,50,59,to_singapore,1.345495,103.639371,1.345277,103.63926
2026-10-09_02-28-42,2026-10-09_02-25-00,4713,29649,JALAN AHMAD IBRAHIM,6,3,20,29,to_malaysia,1.345251,103.639638,1.345277,103.63926
2026-10-09_02-28-42,2026-10-09_02-25-00,4713,29663,TUAS WEST DRIVE,3,8,70,999,to_singapore,1.3445,103.6386,1.344189,103.638406
2026-10-09_02-28-42,2026-10-09_02-25-00,4712,29665,JALAN AHMAD IBRAHIM,2,7,60,69,to_malaysia,1.344066,103.640969,1.344881,103.640043
2026-10-09_02-28-42,2026-10-09_02-25-00,4713,29687,TUAS WEST DRIVE,3,7,60,69,to_singapore,1.345277,103.63926,1.344571,103.638647
2026-10-09_02-28-42,2026-10-09_02-25-00,4713,29694,TUAS WEST DRIVE,3,2,10,19,to_singapore,1.344539,103.638539,1.3445,103.6386
2026-10-09_02-28-42,2026-10-09_02-25-00,4713,29695,TUAS WEST DRIVE,3,5,40,49,to_malaysia,1.344571,103.638647,1.344625,103.638594
2026-10-09_02-28-42,2026-10-09_02-25-00,4712,29963,JALAN AHMAD IBRAHIM,2,4,30,39,to_malaysia,1.340896,103.644325,1.341102,103.644125
2026-10-09_02-28-42,2026-10-09_02-25-00,4712,30029,TUAS WEST ROAD,2,6,50,59,to_malaysia,1.337111,103.644812,1.338008,103.645632
2026-10-09_02-28-42,2026-10-09_02-25-00,4712,30036,TUAS WEST ROAD,2,5,40,49,to_singapore,1.336986,103.644875,1.335866,103.643825
2026-10-09_02-28-42,2026-10-09_02-25-00,4712,30051,TUAS WEST ROAD,6,4,30,39,to_malaysia,1.338629,103.646244,1.339037,103.64633
2026-10-09_02-28-42,2026-10-09_02-25-00,4713,30057,JALAN AHMAD IBRAHIM,2,7,60,69,to_malaysia,1.344881,103.640043,1.345251,103.639638
2026-10-09_02-28-42,2026-10-09_02-25-00,4713,30103,TUAS WEST DRIVE,6,2,10,19,to_malaysia,1.345306,103.639191,1.345669,103.639204
2026-10-09_02-28-42,2026-10-09_02-25-00,4713,48285,AYER RAJAH EXPRESSWAY,1,8,70,999,to_singapore,1.345698,103.639574,1.345602,103.639674
2026-10-09_02-28-42,2026-10-09_02-25-00,4712,48287,AYER RAJAH EXPRESSWAY,1,8,70,999,to_singapore,1.341444,103.64413,1.340216,103.645414
2026-10-09_02-28-42,2026-10-09_02-25-00,4712,48297,AYER RAJAH EXPRESSWAY,1,7,60,69,to_singapore,1.341769,103.64384,1.341444,103.64413
2026-10-09_02-28-42,2026-10-09_02-25-00,4712,48305,AYER RAJAH EXPRESSWAY,1,8,70,999,to_singapore,1.342979,103.642543,1.342413,103.643138
2026-10-09_02-28-42,2026-10-09_02-25-00,4712,48320,JALAN AHMAD IBRAHIM,2,4,30,39,to_singapore,1.339094,103.646831,1.338344,103.647585
2026-10-09_02-28-42,2026-10-09_02-25-00,4712,48386,AYER RAJAH EXPRESSWAY,1,8,70,999,to_singapore,1.338785,103.646974,1.337824,103.647969
2026-10-09_02-28-42,2026-10-09_02-25-00,4712,48388,JALAN AHMAD IBRAHIM,2,5,40,49,to_singapore,1.340517,103.645282,1.339774,103.646115
2026-10-09_02-28-42,2026-10-09_02-25-00,4713,48437,AYER RAJAH EXPRESSWAY,1,8,70,999,to_singapore,1.346637,103.638587,1.345807,103.639458
2026-10-09_02-28-42,2026-10-09_02-25-00,4713,48447,AYER RAJAH EXPRESSWAY,1,8,70,999,to_singapore,1.347683,103.637488,1.346637,103.638587
2026-10-09_02-28-42,2026-10-09_02-25-00,4713,48469,AYER RAJAH EXPRESSWAY,1,7,60,69,to_malaysia,1.345712,103.639364,1.346544,103.638491
2026-10-09_02-28-42,2026-10-09_02-25-00,4713,48509,AYER RAJAH EXPRESSWAY,1,8,70,999,to_singapore,1.345602,103.639674,1.344725,103.640629
2026-10-09_02-28-42,2026-10-09_02-25-00,4713,48550,AYER RAJAH EXPRESSWAY,1,8,70,999,to_singapore,1.345807,103.639458,1.345698,103.639574
2026-10-09_02-28-42,2026-10-09_02-25-00,4713,48598,JALAN AHMAD IBRAHIM,2,3,20,29,to_singapore,1.347553,103.637175,1.347779,103.637388
2026-10-09_02-28-42,2026-10-09_02-25-00,4713,48684,AYER RAJAH EXPRESSWAY,1,8,70,999,to_malaysia,1.345603,103.639479,1.345712,103.639364
2026-10-09_02-28-42,2026-10-09_02-25-00,4713,48702,AYER RAJAH EXPRESSWAY,1,3,20,29,to_malaysia,1.347419,103.637368,1.347009,103.636239
2026-10-09_02-28-42,2026-10-09_02-25-00,4713,48711,AYER RAJAH EXPRESSWAY,1,7,60,69,to_malaysia,1.345504,103.639582,1.345603,103.639479
2026-10-09_02-28-42,2026-10-09_02-25-00,4712,48734,JALAN AHMAD IBRAHIM,2,8,70,999,to_singapore,1.341769,103.64384,1.341282,103.644467
2026-10-09_02-28-42,2026-10-09_02-25-00,4712,48748,JALAN AHMAD IBRAHIM,2,5,40,49,to_singapore,1.341282,103.644467,1.340517,103.645282
2026-10-09_02-28-42,2026-10-09_02-25-00,4712,48749,AYER RAJAH EXPRESSWAY,1,8,70,999,to_singapore,1.340216,103.645414,1.339286,103.646449
2026-10-09_02-28-42,2026-10-09_02-25-00,4712,48764,AYER RAJAH EXPRESSWAY,1,7,60,69,to_malaysia,1.342287,103.642995,1.342935,103.642302
2026-10-09_02-28-42,2026-10-09_02-25-00,4713,48796,AYER RAJAH EXPRESSWAY,1,3,20,29,to_singapore,1.34847,103.63724,1.348095,103.637253
2026-10-09_02-28-42,2026-10-09_02-25-00,4712,48799,AYER RAJAH EXPRESSWAY,1,8,70,999,to_malaysia,1.341567,103.643733,1.342287,103.642995
2026-10-09_02-28-42,2026-10-09_02-25-00,4712,48924,JALAN AHMAD IBRAHIM,2,5,40,49,to_singapore,1.339774,103.646115,1.339168,103.646754
2026-10-09_02-28-42,2026-10-09_02-25-00,4713,49041,AYER RAJAH EXPRESSWAY,1,5,40,49,to_malaysia,1.346544,103.638491,1.347419,103.637368
2026-10-09_02-28-42,2026-10-09_02-25-00,4712,49043,AYER RAJAH EXPRESSWAY,1,8,70,999,to_malaysia,1.342935,103.642302,1.343508,103.641756
2026-10-09_02-28-42,2026-10-09_02-25-00,4712,49054,AYER RAJAH EXPRESSWAY,1,8,70,999,to_singapore,1.342413,103.643138,1.341769,103.64384
2026-10-09_02-28-42,2026-10-09_02-25-00,4712,49104,AYER RAJAH EXPRESSWAY,1,8,70,999,to_singapore,1.343605,103.64186,1.342979,103.642543
2026-10-09_02-28-42,2026-10-09_02-25-00,4713,50480,JALAN AHMAD IBRAHIM,2,5,40,49,to_malaysia,1.345669,103.639204,1.346572,103.638282
2026-10-09_02-28-42,2026-10-09_02-25-00,4713,52346,JALAN AHMAD IBRAHIM,2,5,40,49,to_malaysia,1.346572,103.638282,1.347259,103.637339
2026-10-09_02-28-42,2026-10-09_02-25-00,4713,64158,JALAN AHMAD IBRAHIM,2,3,20,29,to_malaysia,1.347259,103.637339,1.347553,103.637175
2026-10-09_02-28-42,2026-10-09_02-25-00,4712,90750,AYER RAJAH EXPRESSWAY,1,8,70,999,to_singapore,1.339286,103.646449,1.338785,103.646974
2026-10-09_02-28-42,2026-10-09_02-25-00,2702,124791,BUKIT TIMAH EXPRESSWAY,2,4,30,39,to_malaysia,1.442556,103.767937,1.443798,103.767645
2026-10-09_02-28-42,2026-10-09_02-25-00,2702,124792,BUKIT TIMAH EXPRESSWAY,2,4,30,39,to_malaysia,1.441669,103.767966,1.442556,103.767937
2026-10-09_02-28-42,2026-10-09_02-25-00,2702,124793,BUKIT TIMAH EXPRESSWAY,2,5,40,49,to_malaysia,1.44048,103.768042,1.441669,103.767966
2026-10-09_02-28-42,2026-10-09_02-25-00,2702,124794,BUKIT TIMAH EXPRESSWAY,2,4,30,39,to_malaysia,1.440099,103.768178,1.44048,103.768042
2026-10-09_02-28-42,2026-10-09_02-25-00,2702,124796,BUKIT TIMAH EXPRESSWAY,2,1,0,9,to_malaysia,1.441076,103.76818,1.441716,103.768139
2026-10-09_02-28-42,2026-10-09_02-25-00,2702,124797,BUKIT TIMAH EXPRESSWAY,2,4,30,39,to_malaysia,1.440583,103.768202,1.441076,103.76818
2026-10-09_02-28-42,2026-10-09_02-25-00,2702,124800,BUKIT TIMAH EXPRESSWAY,2,3,20,29,to_malaysia,1.44044,103.768246,1.440583,103.768202
2026-10-09_02-28-42,2026-10-09_02-25-00,2702,124801,WOODLANDS ROAD,2,4,30,39,to_malaysia,1.440583,103.768202,1.440593,103.768333
2026-10-09_02-28-42,2026-10-09_02-25-00,2702,124803,WOODLANDS CENTRE ROAD,2,4,30,39,to_singapore,1.440593,103.768333,1.44044,103.768246
2026-10-09_02-28-42,2026-10-09_02-25-00,2702,124804,BUKIT TIMAH EXPRESSWAY,2,6,50,59,to_singapore,1.441622,103.768264,1.441086,103.768308
2026-10-09_02-28-42,2026-10-09_02-25-00,2702,124808,BUKIT TIMAH EXPRESSWAY,2,5,40,49,to_singapore,1.441086,103.768308,1.440593,103.768333
2026-10-09_02-28-42,2026-10-09_02-25-00,2702,124809,BUKIT TIMAH EXPRESSWAY,2,5,40,49,to_singapore,1.440593,103.768333,1.440473,103.768381
2026-10-09_02-28-42,2026-10-09_02-25-00,2702,124810,WOODLANDS ROAD,2,5,40,49,to_malaysia,1.440593,103.768333,1.440805,103.768547
2026-10-09_02-28-42,2026-10-09_02-25-00,2702,124813,WOODLANDS CENTRE ROAD,2,7,60,69,to_singapore,1.440473,103.768381,1.439932,103.768413
2026-10-09_02-28-42,2026-10-09_02-25-00,2702,124819,BUKIT TIMAH EXPRESSWAY,2,6,50,59,to_singapore,1.441759,103.768439,1.440624,103.768473
2026-10-09_02-28-42,2026-10-09_02-25-00,2702,124823,BUKIT TIMAH EXPRESSWAY,2,7,60,69,to_singapore,1.440624,103.768473,1.440144,103.768494
2026-10-09_02-28-42,2026-10-09_02-25-00,2702,124829,WOODLANDS ROAD,2,4,30,39,to_malaysia,1.440805,103.768547,1.441065,103.768705
2026-10-09_02-28-42,2026-10-09_02-25-00,2702,124837,WOODLANDS CENTRE ROAD,2,4,30,39,to_malaysia,1.441476,103.768872,1.441882,103.76902
2026-10-09_02-28-42,2026-10-09_02-25-00,2702,124838,WOODLANDS CENTRE ROAD,2,3,20,29,to_malaysia,1.441476,103.768872,1.441646,103.76906
2026-10-09_02-28-42,2026-10-09_02-25-00,2702,124839,WOODLANDS CENTRE ROAD,2,4,30,39,to_malaysia,1.441882,103.76902,1.442718,103.769357
2026-10-09_02-28-42,2026-10-09_02-25-00,2702,124841,WOODLANDS CENTRE ROAD,2,6,50,59,to_singapore,1.441868,103.769063,1.441676,103.769086
2026-10-09_02-28-42,2026-10-09_02-25-00,2702,124842,WOODLANDS CENTRE ROAD,2,4,30,39,to_singapore,1.442705,103.769406,1.441868,103.769063
2026-10-09_02-28-42,2026-10-09_02-25-00,2702,124850,WOODLANDS CENTRE ROAD,2,3,20,29,to_singapore,1.443132,103.769674,1.442705,103.769406
2026-10-09_02-28-42,2026-10-09_02-25-00,2702,124859,WOODLANDS CENTRE ROAD,2,3,20,29,to_singapore,1.443342,103.770245,1.443132,103.769674
2026-10-09_02-28-42,2026-10-09_02-25-00,2702,124872,WOODLANDS CENTRE ROAD,2,3,20,29,to_malaysia,1.442628,103.770892,1.443342,103.770245
2026-10-09_02-28-42,2026-10-09_02-25-00,2702,124873,WOODLANDS CENTRE ROAD,2,4,30,39,to_singapore,1.443392,103.770252,1.44265,103.770942
2026-10-09_02-28-42,2026-10-09_02-25-00,2702,124897,WOODLANDS CENTRE ROAD,2,5,40,49,to_singapore,1.44265,103.770942,1.442325,103.770966
2026-10-09_02-28-42,2026-10-09_02-25-00,2702,124907,WOODLANDS CENTRE ROAD,2,4,30,39,to_singapore,1.442325,103.770966,1.441694,103.770991
2026-10-09_02-28-42,2026-10-09_02-25-00,2701,124922,ADMIRALTY ROAD WEST,2,4,30,39,to_malaysia,1.447682,103.771025,1.44891,103.771646
2026-10-09_02-28-42,2026-10-09_02-25-00,2701,124944,ADMIRALTY ROAD WEST,2,4,30,39,to_singapore,1.448892,103.771662,1.447783,103.771118
2026-10-09_02-28-42,2026-10-09_02-25-00,2701,124958,ADMIRALTY ROAD WEST,2,3,20,29,to_singapore,1.44891,103.771646,1.449803,103.772734
2026-10-09_02-28-42,2026-10-09_02-25-00,2701,124959,ADMIRALTY ROAD WEST,2,5,40,49,to_malaysia,1.449778,103.772753,1.448892,103.771662
2026-10-09_02-28-42,2026-10-09_02-25-00,2701,125072,ADMIRALTY ROAD WEST,2,3,20,29,to_singapore,1.449803,103.772734,1.45049,103.774144
2026-10-09_02-28-42,2026-10-09_02-25-00,2702,143630,WOODLANDS ROAD,2,6,50,59,to_malaysia,1.440057,103.767654,1.440379,103.767996
2026-10-09_02-28-42,2026-10-09_02-25-00,2702,143634,WOODLANDS ROAD,2,6,50,59,to_singapore,1.440261,103.768069,1.440009,103.767819
2026-10-09_02-28-42,2026-10-09_02-25-00,2702,143636,WOODLANDS ROAD,2,4,30,39,to_malaysia,1.440379,103.767996,1.440583,103.768202
2026-10-09_02-28-42,2026-10-09_02-25-00,2702,143637,WOODLANDS ROAD,2,3,20,29,to_singapore,1.44044,103.768246,1.440261,103.768069
2026-10-09_02-28-42,2026-10-09_02-25-00,4713,161901,JALAN AHMAD IBRAHIM,2,6,50,59,to_singapore,1.347754,103.637566,1.347049,103.638304
2026-10-09_02-28-42,2026-10-09_02-25-00,4713,162846,JALAN AHMAD IBRAHIM,2,3,20,29,to_singapore,1.347779,103.637388,1.347754,103.637566
2026-10-09_02-28-42,2026-10-09_02-25-00,4713,162847,JALAN AHMAD IBRAHIM,2,7,60,69,to_singapore,1.347049,103.638304,1.346317,103.639079
2026-10-09_02-28-42,2026-10-09_02-25-00,4713,162848,JALAN AHMAD IBRAHIM,2,7,60,69,to_singapore,1.346317,103.639079,1.345927,103.639467
2026-10-09_02-28-42,2026-10-09_02-25-00,4712,162852,JALAN AHMAD IBRAHIM,2,8,70,999,to_singapore,1.343767,103.641845,1.342979,103.642543
2026-10-09_02-28-42,2026-10-09_02-25-00,4713,162853,JALAN AHMAD IBRAHIM,2,8,70,999,to_singapore,1.345927,103.639467,1.345833,103.63948
2026-10-09_02-28-42,2026-10-09_02-25-00,4713,162854,JALAN AHMAD IBRAHIM,2,4,30,39,to_singapore,1.345833,103.63948,1.34567,103.639431
2026-10-09_02-28-42,2026-10-09_02-25-00,4713,162855,JALAN AHMAD IBRAHIM,2,4,30,39,to_singapore,1.34567,103.639431,1.345495,103.639371
2026-10-09_02-28-42,2026-10-09_02-25-00,4713,162856,JALAN AHMAD IBRAHIM,2,7,60,69,to_malaysia,1.345251,103.639638,1.345618,103.639477
2026-10-09_02-28-42,2026-10-09_02-25-00,4713,162857,JALAN AHMAD IBRAHIM,2,3,20,29,to_malaysia,1.345618,103.639477,1.345733,103.639517
2026-10-09_02-28-42,2026-10-09_02-25-00,4712,163051,TUAS WEST ROAD,2,3,20,29,to_singapore,1.338879,103.646493,1.339168,103.646754
2026-10-09_02-28-42,2026-10-09_02-25-00,4712,163052,TUAS WEST ROAD,2,3,20,29,to_malaysia,1.339094,103.646831,1.338827,103.646576
2026-10-09_02-28-42,2026-10-09_02-25-00,4713,163824,JALAN AHMAD IBRAHIM,2,3,20,29,to_malaysia,1.347259,103.637339,1.347301,103.636953
2026-10-09_02-28-42,2026-10-09_02-25-00,4713,163825,JALAN AHMAD IBRAHIM,4,2,10,19,to_singapore,1.347301,103.636953,1.346201,103.636276
2026-10-09_02-28-42,2026-10-09_02-25-00,4713,163826,JALAN AHMAD IBRAHIM,4,1,0,9,to_malaysia,1.347301,103.636953,1.346952,103.636512
2026-10-09_02-28-42,2026-10-09_02-25-00,4713,163827,JALAN AHMAD IBRAHIM,4,2,10,19,to_singapore,1.348296,103.637206,1.348039,103.63732
2026-10-09_02-28-42,2026-10-09_02-25-00,4713,163828,JALAN AHMAD IBRAHIM,4,1,0,9,to_malaysia,1.346484,103.636188,1.347457,103.636552
2026-10-09_02-28-42,2026-10-09_02-25-00,4713,163841,JALAN AHMAD IBRAHIM,4,1,0,9,to_malaysia,1.347852,103.636538,1.348315,103.636714
2026-10-09_02-28-42,2026-10-09_02-25-00,4713,163843,JALAN AHMAD IBRAHIM,4,1,0,9,to_malaysia,1.348262,103.636854,1.348478,103.636935
2026-10-09_02-28-42,2026-10-09_02-25-00,4713,163845,JALAN AHMAD IBRAHIM,4,1,0,9,to_malaysia,1.348478,103.636935,1.348979,103.637122
2026-10-09_02-28-42,2026-10-09_02-25-00,4713,163846,JALAN AHMAD IBRAHIM,4,2,10,19,to_singapore,1.348478,103.636935,1.348296,103.637206
2026-10-09_02-28-42,2026-10-09_02-25-00,4713,163847,JALAN AHMAD IBRAHIM,4,1,0,9,to_singapore,1.34815,103.637029,1.348039,103.63732
2026-10-09_02-28-42,2026-10-09_02-25-00,4713,163848,JALAN AHMAD IBRAHIM,2,4,30,39,to_singapore,1.348039,103.63732,1.347754,103.637566
2026-10-09_02-28-42,2026-10-09_02-25-00,4713,163849,JALAN AHMAD IBRAHIM,4,3,20,29,to_singapore,1.348979,103.637122,1.348801,103.637224
2026-10-09_02-28-42,2026-10-09_02-25-00,4713,163850,JALAN AHMAD IBRAHIM,4,1,0,9,to_singapore,1.348315,103.636714,1.348262,103.636854
2026-10-09_02-28-42,2026-10-09_02-25-00,4713,163864,JALAN AHMAD IBRAHIM,4,3,20,29,to_malaysia,1.347301,103.636953,1.347457,103.636552
2026-10-09_02-28-42,2026-10-09_02-25-00,4713,163877,JALAN AHMAD IBRAHIM,4,2,10,19,to_singapore,1.348262,103.636854,1.34815,103.637029
2026-10-09_02-28-42,2026-10-09_02-25-00,4713,163878,JALAN AHMAD IBRAHIM,4,1,0,9,to_malaysia,1.34815,103.637029,1.347852,103.636538
2026-10-09_02-28-42,2026-10-09_02-25-00,4713,163886,JALAN AHMAD IBRAHIM,4,1,0,9,to_malaysia,1.347457,103.636552,1.347852,103.636538
2026-10-09_02-28-42,2026-10-09_02-25-00,4713,163896,AYER RAJAH EXPRESSWAY,1,4,30,39,to_malaysia,1.347419,103.637368,1.346889,103.636683
2026-10-09_02-28-42,2026-10-09_02-25-00,4713,163907,AYER RAJAH EXPRESSWAY,1,1,0,9,to_malaysia,1.346889,103.636683,1.346517,103.636056
2026-10-09_02-28-42,2026-10-09_02-25-00,4713,163910,AYER RAJAH EXPRESSWAY,1,3,20,29,to_malaysia,1.347419,103.637368,1.347683,103.637488
2026-10-09_02-28-42,2026-10-09_02-25-00,4713,163911,AYER RAJAH EXPRESSWAY,1,2,10,19,to_singapore,1.348655,103.636918,1.34847,103.63724
2026-10-09_02-28-42,2026-10-09_02-25-00,4713,163913,AYER RAJAH EXPRESSWAY,1,1,0,9,to_singapore,1.349139,103.6371,1.348973,103.637398
2026-10-09_02-28-42,2026-10-09_02-25-00,4713,163914,AYER RAJAH EXPRESSWAY,1,3,20,29,to_singapore,1.348973,103.637398,1.34847,103.63724
2026-10-09_02-28-42,2026-10-09_02-25-00,4713,163916,AYER RAJAH EXPRESSWAY,1,2,10,19,to_singapore,1.348095,103.637253,1.347389,103.636766
2026-10-09_02-28-42,2026-10-09_02-25-00,4713,163917,AYER RAJAH EXPRESSWAY,1,3,20,29,to_singapore,1.348095,103.637253,1.347683,103.637488
2026-10-09_02-28-42,2026-10-09_02-25-00,4713,163940,AYER RAJAH EXPRESSWAY,1,1,0,9,to_singapore,1.349139,103.6371,1.348655,103.636918
2026-10-09_02-28-42,2026-10-09_02-25-00,4713,163941,AYER RAJAH EXPRESSWAY,1,1,0,9,to_singapore,1.348655,103.636918,1.348327,103.636795
2026-10-09_02-28-42,2026-10-09_02-25-00,4713,163942,AYER RAJAH EXPRESSWAY,1,3,20,29,to_singapore,1.348327,103.636795,1.347721,103.63675
2026-10-09_02-28-42,2026-10-09_02-25-00,4713,164074,JALAN AHMAD IBRAHIM,4,1,0,9,to_malaysia,1.350951,103.637763,1.34988,103.637599
2026-10-09_02-28-42,2026-10-09_02-25-00,4713,164075,JALAN AHMAD IBRAHIM,4,3,20,29,to_singapore,1.349926,103.63748,1.34988,103.637599
2026-10-09_02-28-42,2026-10-09_02-25-00,4713,164076,JALAN AHMAD IBRAHIM,4,1,0,9,to_singapore,1.348979,103.637122,1.349584,103.637351
2026-10-09_02-28-42,2026-10-09_02-25-00,4713,164077,JALAN AHMAD IBRAHIM,4,1,0,9,to_malaysia,1.350178,103.637575,1.350212,103.637484
2026-10-09_02-28-42,2026-10-09_02-25-00,4713,164081,JALAN AHMAD IBRAHIM,4,1,0,9,to_malaysia,1.350752,103.637688,1.350212,103.637484
2026-10-09_02-28-42,2026-10-09_02-25-00,4713,164083,JALAN AHMAD IBRAHIM,4,1,0,9,to_malaysia,1.350951,103.637763,1.350752,103.637688
2026-10-09_02-28-42,2026-10-09_02-25-00,4713,164084,JALAN AHMAD IBRAHIM,4,2,10,19,to_singapore,1.349968,103.637392,1.349926,103.63748
2026-10-09_02-28-42,2026-10-09_02-25-00,4713,164085,JALAN AHMAD IBRAHIM,4,1,0,9,to_malaysia,1.350752,103.637688,1.350178,103.637575
2026-10-09_02-28-42,2026-10-09_02-25-00,4713,164089,JALAN AHMAD IBRAHIM,4,3,20,29,to_malaysia,1.349808,103.637575,1.34951,103.637471
2026-10-09_02-28-42,2026-10-09_02-25-00,4713,164096,JALAN AHMAD IBRAHIM,4,1,0,9,to_malaysia,1.350178,103.637575,1.349926,103.63748
2026-10-09_02-28-42,2026-10-09_02-25-00,4713,164099,JALAN AHMAD IBRAHIM,4,1,0,9,to_malaysia,1.349968,103.637392,1.34962,103.637259
2026-10-09_02-28-42,2026-10-09_02-25-00,4713,164100,JALAN AHMAD IBRAHIM,4,4,30,39,to_singapore,1.348801,103.637224,1.348296,103.637206
2026-10-09_02-28-42,2026-10-09_02-25-00,4713,164102,JALAN AHMAD IBRAHIM,4,2,10,19,to_singapore,1.34962,103.637259,1.349584,103.637351
2026-10-09_02-28-42,2026-10-09_02-25-00,4713,164103,JALAN AHMAD IBRAHIM,4,2,10,19,to_singapore,1.349584,103.637351,1.349854,103.637453
2026-10-09_02-28-42,2026-10-09_02-25-00,4713,164104,JALAN AHMAD IBRAHIM,4,3,20,29,to_singapore,1.349584,103.637351,1.34951,103.637471
2026-10-09_02-28-42,2026-10-09_02-25-00,4713,164105,JALAN AHMAD IBRAHIM,4,4,30,39,to_malaysia,1.34951,103.637471,1.348801,103.637224
2026-10-09_02-28-42,2026-10-09_02-25-00,4713,164115,AYER RAJAH EXPRESSWAY,1,2,10,19,to_malaysia,1.349626,103.637285,1.349139,103.6371
2026-10-09_02-28-42,2026-10-09_02-25-00,4713,164116,AYER RAJAH EXPRESSWAY,1,3,20,29,to_singapore,1.349626,103.637285,1.348973,103.637398
2026-10-09_02-28-42,2026-10-09_02-25-00,4713,164134,JALAN AHMAD IBRAHIM,4,1,0,9,to_malaysia,1.350212,103.637484,1.349968,103.637392
2026-10-09_02-28-42,2026-10-09_02-25-00,4713,164135,JALAN AHMAD IBRAHIM,4,3,20,29,to_singapore,1.346952,103.636512,1.346484,103.636188
2026-10-09_02-28-42,2026-10-09_02-25-00,4713,164137,JALAN AHMAD IBRAHIM,4,2,10,19,to_malaysia,1.349808,103.637575,1.349854,103.637453
2026-10-09_02-28-42,2026-10-09_02-25-00,4713,164138,JALAN AHMAD IBRAHIM,4,1,0,9,to_malaysia,1.349854,103.637453,1.349968,103.637392
2026-10-09_02-28-42,2026-10-09_02-25-00,4713,164139,JALAN AHMAD IBRAHIM,4,3,20,29,to_singapore,1.349854,103.637453,1.349926,103.63748
2026-10-09_02-28-42,2026-10-09_02-25-00,4713,164140,JALAN AHMAD IBRAHIM,4,1,0,9,to_malaysia,1.34988,103.637599,1.349808,103.637575
2026-10-09_02-28-42,2026-10-09_02-25-00,4713,164141,AYER RAJAH EXPRESSWAY,1,1,0,9,to_malaysia,1.347389,103.636766,1.34748,103.636422
2026-10-09_02-28-42,2026-10-09_02-25-00,4712,166434,JALAN AHMAD IBRAHIM,2,2,10,19,to_singapore,1.339168,103.646754,1.339094,103.646831
2026-10-09_02-28-42,2026-10-09_02-25-00,2702,169200,WOODLANDS CHECKPOINT SERVICE ROAD,4,1,0,9,to_malaysia,1.444222,103.767449,1.444872,103.767043
2026-10-09_02-28-42,2026-10-09_02-25-00,2702,169202,WOODLANDS CHECKPOINT SERVICE ROAD,4,1,0,9,to_malaysia,1.444222,103.767449,1.444725,103.767352
2026-10-09_02-28-42,2026-10-09_02-25-00,2702,169216,BUKIT TIMAH EXPRESSWAY,2,5,40,49,to_singapore,1.442772,103.768203,1.441622,103.768264
2026-10-09_02-28-42,2026-10-09_02-25-00,2702,169280,WOODLANDS CHECKPOINT SERVICE ROAD,4,2,10,19,to_singapore,1.443474,103.768705,1.443058,103.76839
2026-10-09_02-28-42,2026-10-09_02-25-00,2702,169282,WOODLANDS CHECKPOINT SERVICE ROAD,4,5,40,49,to_singapore,1.442914,103.768269,1.441622,103.768264
2026-10-09_02-28-42,2026-10-09_02-25-00,2702,169285,BUKIT TIMAH EXPRESSWAY,2,5,40,49,to_singapore,1.443058,103.76839,1.441759,103.768439
2026-10-09_02-28-42,2026-10-09_02-25-00,2702,169286,WOODLANDS CHECKPOINT SERVICE ROAD,4,2,10,19,to_singapore,1.44395,103.767987,1.442772,103.768203
2026-10-09_02-28-42,2026-10-09_02-25-00,2702,169298,WOODLANDS CHECKPOINT SERVICE ROAD,4,1,0,9,to_singapore,1.443608,103.768608,1.442914,103.768269
2026-10-09_02-28-42,2026-10-09_02-25-00,2702,169299,WOODLANDS CHECKPOINT SERVICE ROAD,4,2,10,19,to_singapore,1.443608,103.768608,1.442914,103.768269
2026-10-09_02-28-42,2026-10-09_02-25-00,2702,169322,WOODLANDS CHECKPOINT SERVICE ROAD,4,1,0,9,to_malaysia,1.441716,103.768139,1.442721,103.768076
2026-10-09_02-28-42,2026-10-09_02-25-00,2702,169429,WOODLANDS CHECKPOINT SERVICE ROAD,4,3,20,29,to_singapore,1.442968,103.768232,1.441622,103.768264
2026-10-09_02-28-42,2026-10-09_02-25-00,2702,169430,WOODLANDS CHECKPOINT SERVICE ROAD,4,2,10,19,to_singapore,1.444272,103.767477,1.443049,103.767986
2026-10-09_02-28-42,2026-10-09_02-25-00,2702,169454,WOODLANDS CHECKPOINT SERVICE ROAD,4,1,0,9,to_malaysia,1.443077,103.767925,1.444222,103.767449
2026-10-09_02-28-42,2026-10-09_02-25-00,2702,169455,WOODLANDS CHECKPOINT SERVICE ROAD,4,1,0,9,to_malaysia,1.442721,103.768076,1.443077,103.767925
2026-10-09_02-28-42,2026-10-09_02-25-00,2702,169456,WOODLANDS CHECKPOINT SERVICE ROAD,2,2,10,19,to_malaysia,1.442556,103.767937,1.443077,103.767925
2026-10-09_02-28-42,2026-10-09_02-25-00,2702,170145,WOODLANDS CENTRE ROAD,2,3,20,29,to_malaysia,1.443245,103.769716,1.443392,103.770252
2026-10-09_02-28-42,2026-10-09_02-25-00,2702,171873,MARSILING LANE,2,4,30,39,to_malaysia,1.446335,103.771377,1.44635,103.771396
2026-10-09_02-28-42,2026-10-09_02-25-00,2702,171874,MARSILING LANE,2,3,20,29,to_singapore,1.44635,103.771396,1.446335,103.771377
2026-10-09_02-28-42,2026-10-09_02-25-00,2702,171876,MARSILING LANE,2,3,20,29,to_malaysia,1.446335,103.771377,1.446484,103.771237
2026-10-09_02-28-42,2026-10-09_02-25-00,2702,171877,MARSILING LANE,2,3,20,29,to_singapore,1.44635,103.771396,1.44608,103.771716
2026-10-09_02-28-42,2026-10-09_02-25-00,4712,175294,AYER RAJAH EXPRESSWAY,1,8,70,999,to_malaysia,1.343508,103.641756,1.344361,103.640828
2026-10-09_02-28-42,2026-10-09_02-25-00,4712,175914,AYER RAJAH EXPRESSWAY,1,8,70,999,to_malaysia,1.344361,103.640828,1.345504,103.639582
2026-10-09_02-28-42,2026-10-09_02-25-00,2702,177375,WOODLANDS CENTRE ROAD,2,4,30,39,to_malaysia,1.442718,103.769357,1.44312,103.769597
2026-10-09_02-28-42,2026-10-09_02-25-00,2702,177376,WOODLANDS CHECKPOINT SERVICE ROAD,2,1,0,9,to_malaysia,1.44312,103.769597,1.443671,103.769657
2026-10-09_02-28-42,2026-10-09_02-25-00,2702,177381,MARSILING LANE,2,4,30,39,to_malaysia,1.446484,103.771237,1.447452,103.771548
2026-10-09_02-28-42,2026-10-09_02-25-00,2701,177382,MARSILING LANE,2,4,30,39,to_singapore,1.447783,103.771118,1.447467,103.771581
2026-10-09_02-28-42,2026-10-09_02-25-00,2702,177383,MARSILING LANE,2,4,30,39,to_singapore,1.446504,103.771264,1.44635,103.771396
2026-10-09_02-28-42,2026-10-09_02-25-00,2702,177405,BUKIT TIMAH EXPRESSWAY,2,1,0,9,to_malaysia,1.441716,103.768139,1.442947,103.768097
2026-10-09_02-28-42,2026-10-09_02-25-00,4713,177717,JALAN AHMAD IBRAHIM,2,3,20,29,to_malaysia,1.345733,103.639517,1.345843,103.639571
2026-10-09_02-28-42,2026-10-09_02-25-00,4713,177744,JALAN AHMAD IBRAHIM,2,8,70,999,to_singapore,1.345927,103.639467,1.345843,103.639571
2026-10-09_02-28-42,2026-10-09_02-25-00,2702,177802,WOODLANDS CHECKPOINT SERVICE ROAD,2,3,20,29,to_malaysia,1.442947,103.768097,1.444136,103.767749
2026-10-09_02-28-42,2026-10-09_02-25-00,2702,177803,WOODLANDS CHECKPOINT SERVICE ROAD,2,3,20,29,to_malaysia,1.442947,103.768097,1.444143,103.767676
2026-10-09_02-28-42,2026-10-09_02-25-00,2702,177848,WOODLANDS CHECKPOINT SERVICE ROAD,4,1,0,9,to_singapore,1.443049,103.767986,1.442947,103.768097
2026-10-09_02-28-42,2026-10-09_02-25-00,2702,178404,WOODLANDS CHECKPOINT SERVICE ROAD,2,2,10,19,to_singapore,1.443861,103.76977,1.443634,103.769743
2026-10-09_02-28-42,2026-10-09_02-25-00,2702,178915,WOODLANDS CENTRE ROAD,2,3,20,29,to_malaysia,1.44312,103.769597,1.443245,103.769716
2026-10-09_02-28-42,2026-10-09_02-25-00,4713,179173,JALAN AHMAD IBRAHIM,2,8,70,999,to_singapore,1.345843,103.639571,1.344631,103.640896
2026-10-09_02-28-42,2026-10-09_02-25-00,2702,179538,WOODLANDS CHECKPOINT SERVICE ROAD,2,1,0,9,to_malaysia,1.443671,103.769657,1.443861,103.76977
2026-10-09_02-28-42,2026-10-09_02-25-00,2702,179539,WOODLANDS CHECKPOINT SERVICE ROAD,2,2,10,19,to_singapore,1.443634,103.769743,1.443245,103.769716
2026-10-09_02-28-42,2026-10-09_02-25-00,2702,179540,WOODLANDS CHECKPOINT SERVICE ROAD,2,2,10,19,to_singapore,1.443671,103.769657,1.443634,103.769743
2026-10-09_02-28-42,2026-10-09_02-25-00,4712,189157,TUAS WEST ROAD,2,3,20,29,to_malaysia,1.338827,103.646576,1.338636,103.646398
2026-10-09_02-28-42,2026-10-09_02-25-00,4712,195136,JALAN AHMAD IBRAHIM,6,3,20,29,to_malaysia,1.338642,103.64656,1.338636,103.646398
2026-10-09_02-28-42,2026-10-09_02-25-00,4712,195137,JALAN AHMAD IBRAHIM,6,5,40,49,to_malaysia,1.338642,103.64656,1.338479,103.646271
2026-10-09_02-28-42,2026-10-09_02-25-00,4712,195138,TUAS WEST ROAD,2,3,20,29,to_singapore,1.338636,103.646398,1.338479,103.646271
2026-10-09_02-28-42,2026-10-09_02-25-00,4712,195674,TUAS WEST ROAD,2,4,30,39,to_singapore,1.338479,103.646271,1.337902,103.645735
2026-10-09_02-28-42,2026-10-09_02-25-00,4712,195775,JALAN AHMAD IBRAHIM,6,3,20,29,to_malaysia,1.338611,103.646773,1.338642,103.64656
2026-10-09_02-28-42,2026-10-09_02-25-00,2702,206237,CAUSEWAY,4,1,0,9,to_malaysia,1.444504,103.767372,1.444525,103.767411
2026-10-09_02-28-42,2026-10-09_02-25-00,2702,206783,WOODLANDS CHECKPOINT SERVICE ROAD,4,1,0,9,to_malaysia,1.444222,103.767449,1.444504,103.767372
2026-10-09_02-28-42,2026-10-09_02-25-00,2701,211395,WOODLANDS CHECKPOINT SERVICE ROAD,4,5,40,49,to_malaysia,1.448722,103.769901,1.449612,103.770117
2026-10-09_02-28-42,2026-10-09_02-25-00,4703,211436,TUAS SECOND CROSSING,4,6,50,59,to_singapore,1.350474,103.633506,1.350501,103.63347
2026-10-09_02-28-42,2026-10-09_02-25-00,4703,211495,TUAS SECOND CROSSING,4,0,,,to_malaysia,1.350707,103.633249,1.350543,103.633466
2026-10-09_02-28-42,2026-10-09_02-25-00,4703,212074,TUAS SECOND CROSSING,4,4,30,39,to_singapore,1.349788,103.634429,1.350474,103.633506
2026-10-09_02-28-42,2026-10-09_02-25-00,4703,212076,TUAS SECOND CROSSING,4,0,,,to_malaysia,1.352164,103.631302,1.351516,103.632166
2026-10-09_02-28-42,2026-10-09_02-25-00,4703,212168,TUAS SECOND CROSSING,4,1,0,9,to_malaysia,1.349906,103.634959,1.349761,103.634465
2026-10-09_02-28-42,2026-10-09_02-25-00,4703,212170,TUAS SECOND CROSSING,4,1,0,9,to_malaysia,1.350673,103.635352,1.349906,103.634959
2026-10-09_02-28-42,2026-10-09_02-25-00,4703,212331,TUAS SECOND CROSSING,4,0,,,to_malaysia,1.351516,103.632166,1.350707,103.633249
2026-10-09_02-28-42,2026-10-09_02-25-00,2702,213549,WOODLANDS CHECKPOINT SERVICE ROAD,4,1,0,9,to_malaysia,1.444725,103.767352,1.444776,103.767351
2026-10-09_02-28-42,2026-10-09_02-25-00,4703,214360,TUAS SECOND CROSSING,4,3,20,29,to_malaysia,1.348329,103.63446,1.349667,103.634588
2026-10-09_02-28-42,2026-10-09_02-25-00,4703,214361,TUAS SECOND CROSSING,4,5,40,49,to_malaysia,1.349667,103.634588,1.349761,103.634465
2026-10-09_02-28-42,2026-10-09_02-25-00,4703,214363,TUAS SECOND CROSSING,4,2,10,19,to_malaysia,1.349667,103.635596,1.349906,103.634959
2026-10-09_02-28-42,2026-10-09_02-25-00,2702,214374,WOODLANDS CHECKPOINT SERVICE ROAD,4,1,0,9,to_malaysia,1.444222,103.767449,1.444906,103.767009
2026-10-09_02-28-42,2026-10-09_02-25-00,2702,214375,WOODLANDS CHECKPOINT SERVICE ROAD,4,1,0,9,to_malaysia,1.444872,103.767043,1.444891,103.767047
2026-10-09_02-28-42,2026-10-09_02-25-00,2702,214377,WOODLANDS CHECKPOINT SERVICE ROAD,4,1,0,9,to_malaysia,1.444725,103.767352,1.444769,103.76737
2026-10-09_02-28-42,2026-10-09_02-25-00,2702,214380,WOODLANDS CHECKPOINT SERVICE ROAD,2,3,20,29,to_malaysia,1.443798,103.767645,1.444922,103.766966
2026-10-09_02-28-42,2026-10-09_02-25-00,2702,214381,WOODLANDS CHECKPOINT SERVICE ROAD,4,1,0,9,to_malaysia,1.444525,103.767411,1.444725,103.767487
2026-10-09_02-28-42,2026-10-09_02-25-00,2702,214382,WOODLANDS CHECKPOINT SERVICE ROAD,4,1,0,9,to_malaysia,1.444504,103.767372,1.444748,103.767425
2026-10-09_02-28-42,2026-10-09_02-25-00,2702,214383,WOODLANDS CHECKPOINT SERVICE ROAD,4,2,10,19,to_malaysia,1.444143,103.767676,1.444633,103.767729
2026-10-09_02-28-42,2026-10-09_02-25-00,2702,214384,WOODLANDS CHECKPOINT SERVICE ROAD,4,2,10,19,to_malaysia,1.444136,103.767749,1.444563,103.767915
2026-10-09_02-28-42,2026-10-09_02-25-00,4703,214385,TUAS SECOND CROSSING,4,0,,,to_malaysia,1.350543,103.633466,1.350516,103.633503
2026-10-09_02-28-42,2026-10-09_02-25-00,2702,214386,WOODLANDS CHECKPOINT SERVICE ROAD,4,1,0,9,to_malaysia,1.444136,103.767749,1.444584,103.767859
2026-10-09_02-28-42,2026-10-09_02-25-00,2702,214389,WOODLANDS CHECKPOINT SERVICE ROAD,2,1,0,9,to_malaysia,1.443861,103.76977,1.443937,103.7698
2026-10-09_02-28-42,2026-10-09_02-25-00,2702,214396,WOODLANDS CENTRE ROAD,2,4,30,39,to_malaysia,1.441065,103.768705,1.441222,103.768768
2026-10-09_02-28-42,2026-10-09_02-25-00,4703,214397,TUAS SECOND CROSSING,4,2,10,19,to_singapore,1.349626,103.63467,1.349591,103.634704
2026-10-09_02-28-42,2026-10-09_02-25-00,2701,214401,WOODLANDS CHECKPOINT SERVICE ROAD,2,3,20,29,to_malaysia,1.448586,103.770362,1.449612,103.770117
2026-10-09_02-28-42,2026-10-09_02-25-00,2701,214404,WOODLANDS CAUSEWAY,2,7,60,69,to_malaysia,1.449656,103.770106,1.451009,103.7697
2026-10-09_02-28-42,2026-10-09_02-25-00,2702,214407,WOODLANDS CHECKPOINT SERVICE ROAD,4,1,0,9,to_malaysia,1.444872,103.767043,1.444887,103.767059
2026-10-09_02-28-42,2026-10-09_02-25-00,4713,214427,JALAN AHMAD IBRAHIM,4,2,10,19,to_singapore,1.346201,103.636276,1.345879,103.635905
2026-10-09_02-28-42,2026-10-09_02-25-00,2702,214434,WOODLANDS CENTRE ROAD,2,4,30,39,to_malaysia,1.441222,103.768768,1.441476,103.768872
2026-10-09_02-28-42,2026-10-09_02-25-00,2701,214458,WOODLANDS CAUSEWAY,2,6,50,59,to_malaysia,1.449612,103.770117,1.449656,103.770106
2026-10-09_02-28-42,2026-10-09_02-25-00,4713,214469,TUAS WEST DRIVE,3,7,60,69,to_singapore,1.344189,103.638406,1.34405,103.638348
2026-10-09_02-28-42,2026-10-09_02-25-00,4713,214509,TUAS WEST DRIVE,3,4,30,39,to_singapore,1.34405,103.638348,1.343077,103.637991
2026-10-09_02-28-42,2026-10-09_02-25-00,2701,214552,WOODLANDS CAUSEWAY,2,2,10,19,to_malaysia,1.454921,103.768541,1.453882,103.768858
2026-10-09_02-28-42,2026-10-09_02-25-00,2701,214578,WOODLANDS CAUSEWAY,2,7,60,69,to_singapore,1.451721,103.769519,1.450857,103.769784
2026-10-09_02-28-42,2026-10-09_02-25-00,2701,214612,WOODLANDS CAUSEWAY,2,3,20,29,to_malaysia,1.452586,103.769255,1.451721,103.769519
2026-10-09_02-28-42,2026-10-09_02-25-00,2701,214616,WOODLANDS CAUSEWAY,2,7,60,69,to_singapore,1.450857,103.769784,1.449355,103.770243
2026-10-09_02-28-42,2026-10-09_02-25-00,2701,214625,WOODLANDS CAUSEWAY,2,4,30,39,to_singapore,1.449355,103.770243,1.449183,103.770295
2026-10-09_02-28-42,2026-10-09_02-25-00,2702,214626,WOODLANDS CHECKPOINT SERVICE ROAD,4,1,0,9,to_singapore,1.444713,103.767518,1.444272,103.767477
2026-10-09_02-28-42,2026-10-09_02-25-00,2702,214627,WOODLANDS CHECKPOINT SERVICE ROAD,4,2,10,19,to_singapore,1.444469,103.768165,1.44395,103.767987
2026-10-09_02-28-42,2026-10-09_02-25-00,2702,214628,WOODLANDS CHECKPOINT SERVICE ROAD,4,1,0,9,to_singapore,1.444405,103.768335,1.442968,103.768232
2026-10-09_02-28-42,2026-10-09_02-25-00,2702,214629,WOODLANDS CHECKPOINT SERVICE ROAD,4,1,0,9,to_singapore,1.443621,103.76876,1.443474,103.768705
2026-10-09_02-28-42,2026-10-09_02-25-00,2702,214630,WOODLANDS CHECKPOINT SERVICE ROAD,4,1,0,9,to_singapore,1.443671,103.768636,1.443608,103.768608
2026-10-09_02-28-42,2026-10-09_02-25-00,2702,214631,WOODLANDS CHECKPOINT SERVICE ROAD,4,2,10,19,to_singapore,1.443598,103.768816,1.443474,103.768705
2026-10-09_02-28-42,2026-10-09_02-25-00,2702,214632,WOODLANDS CHECKPOINT SERVICE ROAD,2,3,20,29,to_singapore,1.443937,103.7698,1.443861,103.76977
2026-10-09_02-28-42,2026-10-09_02-25-00,2702,214633,WOODLANDS CHECKPOINT SERVICE ROAD,2,1,0,9,to_singapore,1.443669,103.770775,1.44265,103.770942
2026-10-09_02-28-42,2026-10-09_02-25-00,4713,215160,JALAN AHMAD IBRAHIM,4,1,0,9,to_singapore,1.346484,103.636188,1.346181,103.635931
2026-10-09_02-28-42,2026-10-09_02-25-00,2701,215161,WOODLANDS CAUSEWAY,2,7,60,69,to_malaysia,1.451009,103.7697,1.451096,103.769673
2026-10-09_02-28-42,2026-10-09_02-25-00,4703,215162,TUAS SECOND CROSSING,4,1,0,9,to_malaysia,1.349183,103.635422,1.349667,103.634588
2026-10-09_02-28-42,2026-10-09_02-25-00,2701,215163,WOODLANDS CAUSEWAY,2,2,10,19,to_malaysia,1.453882,103.768858,1.452586,103.769255
2026-10-09_02-28-42,2026-10-09_02-25-00,4703,215164,TUAS SECOND CROSSING,4,4,30,39,to_singapore,1.350516,103.633503,1.349626,103.63467
2026-10-09_02-28-42,2026-10-09_02-25-00,4703,215718,TUAS SECOND CROSSING,4,5,40,49,to_malaysia,1.349761,103.634465,1.349788,103.634429
